component,charge_type,load,months,day_type,hours,block_min,block_max,price,unit,verified,source,notes
customer_charge,monthly,total,1-12,all,0-24,,,8.00,USD/month,no,Not found; assumed equal to standard residential customer charge,
on_peak_summer,per_unit,total,6-9,weekday_nonholiday,18-21,,,0.21,USD/kWh,no,Web search summaries of Hoodline (July 2026) and CUB Minnesota reports on the approved Xcel MN residential time-of-use rate; prices reported as approximate,6-9 p.m. non-holiday weekdays
on_peak_winter,per_unit,total,10-12;1-5,weekday_nonholiday,18-21,,,0.17,USD/kWh,no,Web search summaries of Hoodline (July 2026) and CUB Minnesota reports on the approved Xcel MN residential time-of-use rate; prices reported as approximate,
super_off_peak,per_unit,total,1-12,all,0-6,,,0.075,USD/kWh,no,Web search summaries of Hoodline (July 2026) and CUB Minnesota reports on the approved Xcel MN residential time-of-use rate; prices reported as approximate,Midnight-6 a.m. every day
base_summer_weekday,per_unit,total,6-9,weekday_nonholiday,6-18;21-24,,,0.13,USD/kWh,no,Web search summaries of Hoodline (July 2026) and CUB Minnesota reports on the approved Xcel MN residential time-of-use rate; prices reported as approximate,All other hours billed near the standard flat price
base_summer_weekend,per_unit,total,6-9,weekend_holiday,6-24,,,0.13,USD/kWh,no,Web search summaries of Hoodline (July 2026) and CUB Minnesota reports on the approved Xcel MN residential time-of-use rate; prices reported as approximate,
base_winter_weekday,per_unit,total,10-12;1-5,weekday_nonholiday,6-18;21-24,,,0.11,USD/kWh,no,Web search summaries of Hoodline (July 2026) and CUB Minnesota reports on the approved Xcel MN residential time-of-use rate; prices reported as approximate,
base_winter_weekend,per_unit,total,10-12;1-5,weekend_holiday,6-24,,,0.11,USD/kWh,no,Web search summaries of Hoodline (July 2026) and CUB Minnesota reports on the approved Xcel MN residential time-of-use rate; prices reported as approximate,
fuel_cost_charge,per_unit,total,1-12,all,0-24,,,0.01568,USD/kWh,no,Web search summary: Xcel MN Fuel Cost Charge for residential January 2026,Not confirmed whether TOU prices include fuel cost
resource_adjustment,per_unit,total,1-12,all,0-24,,,0.0,USD/kWh,no,Not found; Xcel Resource Adjustment riders (CIP; SEP; RDF; TCR; RES) apply per kWh but values were not retrieved,Enter current rider total
