profile,scenario_id,elec_kwh,elec_heating_kwh,elec_cooling_kwh,elec_hot_water_kwh,elec_other_kwh,elec_peak_kw,elec_peak_hour_standard,gas_therms,gas_heating_therms,gas_hot_water_therms,gas_other_therms,gas_peak_therms_per_hour
average,gas_furnace,10283.8,903.8,1983.6,582.2,6814.2,3.1,2018-06-29 20:00:00,1458.6,1280.6,149.6,28.4,0.8
median_home,gas_furnace,9683.2,832.5,2627.7,0.0,6223.0,4.4,2018-08-06 20:00:00,1391.3,1111.7,240.5,39.2,0.7
average,ashp_resistance_backup,23438.7,14383.9,1660.6,581.8,6812.4,15.9,2018-01-01 09:00:00,178.0,0.0,149.6,28.4,0.0
median_home,ashp_resistance_backup,19347.4,10910.3,2214.8,0.0,6222.3,11.0,2018-01-01 19:00:00,279.7,0.0,240.6,39.2,0.2
average,ashp_gas_backup,12037.9,2564.9,2078.5,581.5,6813.1,3.4,2018-06-29 19:00:00,1245.8,1068.0,149.5,28.4,0.7
median_home,ashp_gas_backup,10857.6,1902.0,2733.0,0.0,6222.6,4.7,2018-08-06 20:00:00,1095.8,816.1,240.5,39.2,0.6
average,baseboard,41838.2,32458.2,1983.6,582.2,6814.2,20.3,2018-01-01 08:00:00,178.0,0.0,149.6,28.4,0.0
median_home,baseboard,35744.8,26894.1,2627.7,0.0,6223.0,17.5,2018-01-01 19:00:00,279.6,0.0,240.5,39.2,0.2
average,gas_furnace_hpwh,10591.4,903.8,1983.6,889.8,6814.2,3.1,2018-06-29 20:00:00,1309.0,1280.6,0.0,28.4,0.8
median_home,gas_furnace_hpwh,10762.9,832.5,2627.7,1079.7,6223.0,4.6,2018-07-10 19:00:00,1150.8,1111.7,0.0,39.2,0.7
average,ashp_resistance_backup_hpwh,23746.7,14383.9,1660.6,889.8,6812.4,16.0,2018-01-01 09:00:00,28.4,0.0,0.0,28.4,0.0
median_home,ashp_resistance_backup_hpwh,20427.1,10910.3,2214.8,1079.7,6222.3,11.4,2018-01-01 19:00:00,39.2,0.0,0.0,39.2,0.1
average,ashp_gas_backup_hpwh,12346.2,2564.9,2078.5,889.8,6813.1,3.5,2018-01-21 20:00:00,1096.4,1068.0,0.0,28.4,0.7
median_home,ashp_gas_backup_hpwh,11937.4,1902.0,2733.0,1079.7,6222.6,4.9,2018-07-10 19:00:00,855.2,816.1,0.0,39.2,0.6
average,baseboard_hpwh,42145.9,32458.2,1983.6,889.8,6814.2,20.4,2018-01-01 08:00:00,28.4,0.0,0.0,28.4,0.0
median_home,baseboard_hpwh,36824.5,26894.1,2627.7,1079.7,6223.0,17.9,2018-01-01 19:00:00,39.2,0.0,0.0,39.2,0.1
