profile,scenario_id,plan_id,rate,component,unit,units,cost
average,ashp_gas_backup,standard,xcel_standard,customer_charge,USD/month,12.0,96.0
average,ashp_gas_backup,standard,xcel_standard,energy_summer,USD/kWh,4249.01,580.2
average,ashp_gas_backup,standard,xcel_standard,energy_winter_block1,USD/kWh,7611.7,920.71
average,ashp_gas_backup,standard,xcel_standard,energy_winter_block2,USD/kWh,177.2,20.98
average,ashp_gas_backup,standard,xcel_standard,fuel_cost_charge,USD/kWh,12037.91,188.75
average,ashp_gas_backup,standard,xcel_standard,resource_adjustment,USD/kWh,12037.91,0.0
average,ashp_gas_backup,standard,centerpoint_residential,basic_charge,USD/month,12.0,114.0
average,ashp_gas_backup,standard,centerpoint_residential,delivery_charge,USD/therm,1245.81,416.97
average,ashp_gas_backup,standard,centerpoint_residential,cost_of_gas,USD/therm,1245.81,748.25
average,ashp_gas_backup,standard,centerpoint_residential,gas_riders,USD/therm,1245.81,0.0
average,ashp_gas_backup,time_of_use,xcel_tou,customer_charge,USD/month,12.0,96.0
average,ashp_gas_backup,time_of_use,xcel_tou,on_peak_summer,USD/kWh,548.03,115.09
average,ashp_gas_backup,time_of_use,xcel_tou,on_peak_winter,USD/kWh,927.33,157.65
average,ashp_gas_backup,time_of_use,xcel_tou,super_off_peak,USD/kWh,2049.71,153.73
average,ashp_gas_backup,time_of_use,xcel_tou,base_summer_weekday,USD/kWh,1801.62,234.21
average,ashp_gas_backup,time_of_use,xcel_tou,base_summer_weekend,USD/kWh,1184.42,153.97
average,ashp_gas_backup,time_of_use,xcel_tou,base_winter_weekday,USD/kWh,3528.43,388.13
average,ashp_gas_backup,time_of_use,xcel_tou,base_winter_weekend,USD/kWh,1998.36,219.82
average,ashp_gas_backup,time_of_use,xcel_tou,fuel_cost_charge,USD/kWh,12037.91,188.75
average,ashp_gas_backup,time_of_use,xcel_tou,resource_adjustment,USD/kWh,12037.91,0.0
average,ashp_gas_backup,time_of_use,centerpoint_residential,basic_charge,USD/month,12.0,114.0
average,ashp_gas_backup,time_of_use,centerpoint_residential,delivery_charge,USD/therm,1245.81,416.97
average,ashp_gas_backup,time_of_use,centerpoint_residential,cost_of_gas,USD/therm,1245.81,748.25
average,ashp_gas_backup,time_of_use,centerpoint_residential,gas_riders,USD/therm,1245.81,0.0
average,ashp_gas_backup,dual_fuel,xcel_dual_fuel,customer_charge,USD/month,12.0,96.0
average,ashp_gas_backup,dual_fuel,xcel_dual_fuel,energy_summer,USD/kWh,4185.59,571.54
average,ashp_gas_backup,dual_fuel,xcel_dual_fuel,energy_winter_block1,USD/kWh,5287.42,639.57
average,ashp_gas_backup,dual_fuel,xcel_dual_fuel,energy_winter_block2,USD/kWh,0.0,0.0
average,ashp_gas_backup,dual_fuel,xcel_dual_fuel,ecs_customer_charge,USD/month,12.0,59.4
average,ashp_gas_backup,dual_fuel,xcel_dual_fuel,ecs_energy,USD/kWh,2564.9,115.57
average,ashp_gas_backup,dual_fuel,xcel_dual_fuel,fuel_cost_charge,USD/kWh,12037.91,188.75
average,ashp_gas_backup,dual_fuel,xcel_dual_fuel,resource_adjustment,USD/kWh,12037.91,0.0
average,ashp_gas_backup,dual_fuel,centerpoint_residential,basic_charge,USD/month,12.0,114.0
average,ashp_gas_backup,dual_fuel,centerpoint_residential,delivery_charge,USD/therm,1245.81,416.97
average,ashp_gas_backup,dual_fuel,centerpoint_residential,cost_of_gas,USD/therm,1245.81,748.25
average,ashp_gas_backup,dual_fuel,centerpoint_residential,gas_riders,USD/therm,1245.81,0.0
average,ashp_gas_backup_hpwh,standard,xcel_standard,customer_charge,USD/month,12.0,96.0
average,ashp_gas_backup_hpwh,standard,xcel_standard,energy_summer,USD/kWh,4293.46,586.27
average,ashp_gas_backup_hpwh,standard,xcel_standard,energy_winter_block1,USD/kWh,7757.63,938.36
average,ashp_gas_backup_hpwh,standard,xcel_standard,energy_winter_block2,USD/kWh,295.16,34.94
average,ashp_gas_backup_hpwh,standard,xcel_standard,fuel_cost_charge,USD/kWh,12346.25,193.59
average,ashp_gas_backup_hpwh,standard,xcel_standard,resource_adjustment,USD/kWh,12346.25,0.0
average,ashp_gas_backup_hpwh,standard,centerpoint_residential,basic_charge,USD/month,12.0,114.0
average,ashp_gas_backup_hpwh,standard,centerpoint_residential,delivery_charge,USD/therm,1096.36,366.95
average,ashp_gas_backup_hpwh,standard,centerpoint_residential,cost_of_gas,USD/therm,1096.36,658.48
average,ashp_gas_backup_hpwh,standard,centerpoint_residential,gas_riders,USD/therm,1096.36,0.0
average,ashp_gas_backup_hpwh,time_of_use,xcel_tou,customer_charge,USD/month,12.0,96.0
average,ashp_gas_backup_hpwh,time_of_use,xcel_tou,on_peak_summer,USD/kWh,551.68,115.85
average,ashp_gas_backup_hpwh,time_of_use,xcel_tou,on_peak_winter,USD/kWh,954.71,162.3
average,ashp_gas_backup_hpwh,time_of_use,xcel_tou,super_off_peak,USD/kWh,2095.3,157.15
average,ashp_gas_backup_hpwh,time_of_use,xcel_tou,base_summer_weekday,USD/kWh,1821.91,236.85
average,ashp_gas_backup_hpwh,time_of_use,xcel_tou,base_summer_weekend,USD/kWh,1195.66,155.44
average,ashp_gas_backup_hpwh,time_of_use,xcel_tou,base_winter_weekday,USD/kWh,3659.32,402.53
average,ashp_gas_backup_hpwh,time_of_use,xcel_tou,base_winter_weekend,USD/kWh,2067.68,227.44
average,ashp_gas_backup_hpwh,time_of_use,xcel_tou,fuel_cost_charge,USD/kWh,12346.25,193.59
average,ashp_gas_backup_hpwh,time_of_use,xcel_tou,resource_adjustment,USD/kWh,12346.25,0.0
average,ashp_gas_backup_hpwh,time_of_use,centerpoint_residential,basic_charge,USD/month,12.0,114.0
average,ashp_gas_backup_hpwh,time_of_use,centerpoint_residential,delivery_charge,USD/therm,1096.36,366.95
average,ashp_gas_backup_hpwh,time_of_use,centerpoint_residential,cost_of_gas,USD/therm,1096.36,658.48
average,ashp_gas_backup_hpwh,time_of_use,centerpoint_residential,gas_riders,USD/therm,1096.36,0.0
average,ashp_gas_backup_hpwh,dual_fuel,xcel_dual_fuel,customer_charge,USD/month,12.0,96.0
average,ashp_gas_backup_hpwh,dual_fuel,xcel_dual_fuel,energy_summer,USD/kWh,4230.04,577.61
average,ashp_gas_backup_hpwh,dual_fuel,xcel_dual_fuel,energy_winter_block1,USD/kWh,5551.31,671.49
average,ashp_gas_backup_hpwh,dual_fuel,xcel_dual_fuel,energy_winter_block2,USD/kWh,0.0,0.0
average,ashp_gas_backup_hpwh,dual_fuel,xcel_dual_fuel,ecs_customer_charge,USD/month,12.0,59.4
average,ashp_gas_backup_hpwh,dual_fuel,xcel_dual_fuel,ecs_energy,USD/kWh,2564.9,115.57
average,ashp_gas_backup_hpwh,dual_fuel,xcel_dual_fuel,fuel_cost_charge,USD/kWh,12346.25,193.59
average,ashp_gas_backup_hpwh,dual_fuel,xcel_dual_fuel,resource_adjustment,USD/kWh,12346.25,0.0
average,ashp_gas_backup_hpwh,dual_fuel,centerpoint_residential,basic_charge,USD/month,12.0,114.0
average,ashp_gas_backup_hpwh,dual_fuel,centerpoint_residential,delivery_charge,USD/therm,1096.36,366.95
average,ashp_gas_backup_hpwh,dual_fuel,centerpoint_residential,cost_of_gas,USD/therm,1096.36,658.48
average,ashp_gas_backup_hpwh,dual_fuel,centerpoint_residential,gas_riders,USD/therm,1096.36,0.0
average,ashp_resistance_backup,standard,xcel_standard,customer_charge,USD/month,12.0,96.0
average,ashp_resistance_backup,standard,xcel_standard,energy_summer,USD/kWh,3883.88,530.34
average,ashp_resistance_backup,standard,xcel_standard,energy_winter_block1,USD/kWh,7872.14,952.21
average,ashp_resistance_backup,standard,xcel_standard,energy_winter_block2,USD/kWh,11682.7,1383.0
average,ashp_resistance_backup,standard,xcel_standard,fuel_cost_charge,USD/kWh,23438.72,367.52
average,ashp_resistance_backup,standard,xcel_standard,resource_adjustment,USD/kWh,23438.72,0.0
average,ashp_resistance_backup,standard,centerpoint_residential,basic_charge,USD/month,12.0,114.0
average,ashp_resistance_backup,standard,centerpoint_residential,delivery_charge,USD/therm,177.99,59.57
average,ashp_resistance_backup,standard,centerpoint_residential,cost_of_gas,USD/therm,177.99,106.9
average,ashp_resistance_backup,standard,centerpoint_residential,gas_riders,USD/therm,177.99,0.0
average,ashp_resistance_backup,time_of_use,xcel_tou,customer_charge,USD/month,12.0,96.0
average,ashp_resistance_backup,time_of_use,xcel_tou,on_peak_summer,USD/kWh,498.69,104.72
average,ashp_resistance_backup,time_of_use,xcel_tou,on_peak_winter,USD/kWh,1671.13,284.09
average,ashp_resistance_backup,time_of_use,xcel_tou,super_off_peak,USD/kWh,5285.54,396.42
average,ashp_resistance_backup,time_of_use,xcel_tou,base_summer_weekday,USD/kWh,1652.5,214.83
average,ashp_resistance_backup,time_of_use,xcel_tou,base_summer_weekend,USD/kWh,1081.85,140.64
average,ashp_resistance_backup,time_of_use,xcel_tou,base_winter_weekday,USD/kWh,8590.28,944.93
average,ashp_resistance_backup,time_of_use,xcel_tou,base_winter_weekend,USD/kWh,4658.73,512.46
average,ashp_resistance_backup,time_of_use,xcel_tou,fuel_cost_charge,USD/kWh,23438.72,367.52
average,ashp_resistance_backup,time_of_use,xcel_tou,resource_adjustment,USD/kWh,23438.72,0.0
average,ashp_resistance_backup,time_of_use,centerpoint_residential,basic_charge,USD/month,12.0,114.0
average,ashp_resistance_backup,time_of_use,centerpoint_residential,delivery_charge,USD/therm,177.99,59.57
average,ashp_resistance_backup,time_of_use,centerpoint_residential,cost_of_gas,USD/therm,177.99,106.9
average,ashp_resistance_backup,time_of_use,centerpoint_residential,gas_riders,USD/therm,177.99,0.0
average,ashp_resistance_backup,space_heating,xcel_space_heating,customer_charge,USD/month,12.0,96.0
average,ashp_resistance_backup,space_heating,xcel_space_heating,energy_summer,USD/kWh,3883.88,530.34
average,ashp_resistance_backup,space_heating,xcel_space_heating,energy_winter_space_heat,USD/kWh,19554.84,1173.29
average,ashp_resistance_backup,space_heating,xcel_space_heating,fuel_cost_charge,USD/kWh,23438.72,367.52
average,ashp_resistance_backup,space_heating,xcel_space_heating,resource_adjustment,USD/kWh,23438.72,0.0
average,ashp_resistance_backup,space_heating,centerpoint_residential,basic_charge,USD/month,12.0,114.0
average,ashp_resistance_backup,space_heating,centerpoint_residential,delivery_charge,USD/therm,177.99,59.57
average,ashp_resistance_backup,space_heating,centerpoint_residential,cost_of_gas,USD/therm,177.99,106.9
average,ashp_resistance_backup,space_heating,centerpoint_residential,gas_riders,USD/therm,177.99,0.0
average,ashp_resistance_backup_hpwh,standard,xcel_standard,customer_charge,USD/month,12.0,96.0
average,ashp_resistance_backup_hpwh,standard,xcel_standard,energy_summer,USD/kWh,3928.43,536.43
average,ashp_resistance_backup_hpwh,standard,xcel_standard,energy_winter_block1,USD/kWh,7886.81,953.99
average,ashp_resistance_backup_hpwh,standard,xcel_standard,energy_winter_block2,USD/kWh,11931.51,1412.45
average,ashp_resistance_backup_hpwh,standard,xcel_standard,fuel_cost_charge,USD/kWh,23746.75,372.35
average,ashp_resistance_backup_hpwh,standard,xcel_standard,resource_adjustment,USD/kWh,23746.75,0.0
average,ashp_resistance_backup_hpwh,standard,centerpoint_residential,basic_charge,USD/month,12.0,114.0
average,ashp_resistance_backup_hpwh,standard,centerpoint_residential,delivery_charge,USD/therm,28.38,9.5
average,ashp_resistance_backup_hpwh,standard,centerpoint_residential,cost_of_gas,USD/therm,28.38,17.05
average,ashp_resistance_backup_hpwh,standard,centerpoint_residential,gas_riders,USD/therm,28.38,0.0
average,ashp_resistance_backup_hpwh,time_of_use,xcel_tou,customer_charge,USD/month,12.0,96.0
average,ashp_resistance_backup_hpwh,time_of_use,xcel_tou,on_peak_summer,USD/kWh,502.35,105.49
average,ashp_resistance_backup_hpwh,time_of_use,xcel_tou,on_peak_winter,USD/kWh,1698.47,288.74
average,ashp_resistance_backup_hpwh,time_of_use,xcel_tou,super_off_peak,USD/kWh,5331.09,399.83
average,ashp_resistance_backup_hpwh,time_of_use,xcel_tou,base_summer_weekday,USD/kWh,1672.81,217.47
average,ashp_resistance_backup_hpwh,time_of_use,xcel_tou,base_summer_weekend,USD/kWh,1093.1,142.1
average,ashp_resistance_backup_hpwh,time_of_use,xcel_tou,base_winter_weekday,USD/kWh,8720.95,959.3
average,ashp_resistance_backup_hpwh,time_of_use,xcel_tou,base_winter_weekend,USD/kWh,4727.97,520.08
average,ashp_resistance_backup_hpwh,time_of_use,xcel_tou,fuel_cost_charge,USD/kWh,23746.75,372.35
average,ashp_resistance_backup_hpwh,time_of_use,xcel_tou,resource_adjustment,USD/kWh,23746.75,0.0
average,ashp_resistance_backup_hpwh,time_of_use,centerpoint_residential,basic_charge,USD/month,12.0,114.0
average,ashp_resistance_backup_hpwh,time_of_use,centerpoint_residential,delivery_charge,USD/therm,28.38,9.5
average,ashp_resistance_backup_hpwh,time_of_use,centerpoint_residential,cost_of_gas,USD/therm,28.38,17.05
average,ashp_resistance_backup_hpwh,time_of_use,centerpoint_residential,gas_riders,USD/therm,28.38,0.0
average,ashp_resistance_backup_hpwh,space_heating,xcel_space_heating,customer_charge,USD/month,12.0,96.0
average,ashp_resistance_backup_hpwh,space_heating,xcel_space_heating,energy_summer,USD/kWh,3928.43,536.43
average,ashp_resistance_backup_hpwh,space_heating,xcel_space_heating,energy_winter_space_heat,USD/kWh,19818.32,1189.1
average,ashp_resistance_backup_hpwh,space_heating,xcel_space_heating,fuel_cost_charge,USD/kWh,23746.75,372.35
average,ashp_resistance_backup_hpwh,space_heating,xcel_space_heating,resource_adjustment,USD/kWh,23746.75,0.0
average,ashp_resistance_backup_hpwh,space_heating,centerpoint_residential,basic_charge,USD/month,12.0,114.0
average,ashp_resistance_backup_hpwh,space_heating,centerpoint_residential,delivery_charge,USD/therm,28.38,9.5
average,ashp_resistance_backup_hpwh,space_heating,centerpoint_residential,cost_of_gas,USD/therm,28.38,17.05
average,ashp_resistance_backup_hpwh,space_heating,centerpoint_residential,gas_riders,USD/therm,28.38,0.0
average,baseboard,standard,xcel_standard,customer_charge,USD/month,12.0,96.0
average,baseboard,standard,xcel_standard,energy_summer,USD/kWh,4118.65,562.4
average,baseboard,standard,xcel_standard,energy_winter_block1,USD/kWh,7947.57,961.34
average,baseboard,standard,xcel_standard,energy_winter_block2,USD/kWh,29772.03,3524.41
average,baseboard,standard,xcel_standard,fuel_cost_charge,USD/kWh,41838.25,656.02
average,baseboard,standard,xcel_standard,resource_adjustment,USD/kWh,41838.25,0.0
average,baseboard,standard,centerpoint_residential,basic_charge,USD/month,12.0,114.0
average,baseboard,standard,centerpoint_residential,delivery_charge,USD/therm,177.97,59.57
average,baseboard,standard,centerpoint_residential,cost_of_gas,USD/therm,177.97,106.89
average,baseboard,standard,centerpoint_residential,gas_riders,USD/therm,177.97,0.0
average,baseboard,time_of_use,xcel_tou,customer_charge,USD/month,12.0,96.0
average,baseboard,time_of_use,xcel_tou,on_peak_summer,USD/kWh,509.14,106.92
average,baseboard,time_of_use,xcel_tou,on_peak_winter,USD/kWh,3006.01,511.02
average,baseboard,time_of_use,xcel_tou,super_off_peak,USD/kWh,9935.43,745.16
average,baseboard,time_of_use,xcel_tou,base_summer_weekday,USD/kWh,1745.87,226.96
average,baseboard,time_of_use,xcel_tou,base_summer_weekend,USD/kWh,1166.41,151.63
average,baseboard,time_of_use,xcel_tou,base_winter_weekday,USD/kWh,16643.53,1830.79
average,baseboard,time_of_use,xcel_tou,base_winter_weekend,USD/kWh,8831.85,971.5
average,baseboard,time_of_use,xcel_tou,fuel_cost_charge,USD/kWh,41838.25,656.02
average,baseboard,time_of_use,xcel_tou,resource_adjustment,USD/kWh,41838.25,0.0
average,baseboard,time_of_use,centerpoint_residential,basic_charge,USD/month,12.0,114.0
average,baseboard,time_of_use,centerpoint_residential,delivery_charge,USD/therm,177.97,59.57
average,baseboard,time_of_use,centerpoint_residential,cost_of_gas,USD/therm,177.97,106.89
average,baseboard,time_of_use,centerpoint_residential,gas_riders,USD/therm,177.97,0.0
average,baseboard,space_heating,xcel_space_heating,customer_charge,USD/month,12.0,96.0
average,baseboard,space_heating,xcel_space_heating,energy_summer,USD/kWh,4118.65,562.4
average,baseboard,space_heating,xcel_space_heating,energy_winter_space_heat,USD/kWh,37719.6,2263.18
average,baseboard,space_heating,xcel_space_heating,fuel_cost_charge,USD/kWh,41838.25,656.02
average,baseboard,space_heating,xcel_space_heating,resource_adjustment,USD/kWh,41838.25,0.0
average,baseboard,space_heating,centerpoint_residential,basic_charge,USD/month,12.0,114.0
average,baseboard,space_heating,centerpoint_residential,delivery_charge,USD/therm,177.97,59.57
average,baseboard,space_heating,centerpoint_residential,cost_of_gas,USD/therm,177.97,106.89
average,baseboard,space_heating,centerpoint_residential,gas_riders,USD/therm,177.97,0.0
average,baseboard_hpwh,standard,xcel_standard,customer_charge,USD/month,12.0,96.0
average,baseboard_hpwh,standard,xcel_standard,energy_summer,USD/kWh,4163.17,568.48
average,baseboard_hpwh,standard,xcel_standard,energy_winter_block1,USD/kWh,7962.24,963.11
average,baseboard_hpwh,standard,xcel_standard,energy_winter_block2,USD/kWh,30020.47,3553.82
average,baseboard_hpwh,standard,xcel_standard,fuel_cost_charge,USD/kWh,42145.88,660.85
average,baseboard_hpwh,standard,xcel_standard,resource_adjustment,USD/kWh,42145.88,0.0
average,baseboard_hpwh,standard,centerpoint_residential,basic_charge,USD/month,12.0,114.0
average,baseboard_hpwh,standard,centerpoint_residential,delivery_charge,USD/therm,28.38,9.5
average,baseboard_hpwh,standard,centerpoint_residential,cost_of_gas,USD/therm,28.38,17.05
average,baseboard_hpwh,standard,centerpoint_residential,gas_riders,USD/therm,28.38,0.0
average,baseboard_hpwh,time_of_use,xcel_tou,customer_charge,USD/month,12.0,96.0
average,baseboard_hpwh,time_of_use,xcel_tou,on_peak_summer,USD/kWh,512.81,107.69
average,baseboard_hpwh,time_of_use,xcel_tou,on_peak_winter,USD/kWh,3033.32,515.66
average,baseboard_hpwh,time_of_use,xcel_tou,super_off_peak,USD/kWh,9980.89,748.57
average,baseboard_hpwh,time_of_use,xcel_tou,base_summer_weekday,USD/kWh,1766.15,229.6
average,baseboard_hpwh,time_of_use,xcel_tou,base_summer_weekend,USD/kWh,1177.66,153.1
average,baseboard_hpwh,time_of_use,xcel_tou,base_winter_weekday,USD/kWh,16774.03,1845.14
average,baseboard_hpwh,time_of_use,xcel_tou,base_winter_weekend,USD/kWh,8901.01,979.11
average,baseboard_hpwh,time_of_use,xcel_tou,fuel_cost_charge,USD/kWh,42145.88,660.85
average,baseboard_hpwh,time_of_use,xcel_tou,resource_adjustment,USD/kWh,42145.88,0.0
average,baseboard_hpwh,time_of_use,centerpoint_residential,basic_charge,USD/month,12.0,114.0
average,baseboard_hpwh,time_of_use,centerpoint_residential,delivery_charge,USD/therm,28.38,9.5
average,baseboard_hpwh,time_of_use,centerpoint_residential,cost_of_gas,USD/therm,28.38,17.05
average,baseboard_hpwh,time_of_use,centerpoint_residential,gas_riders,USD/therm,28.38,0.0
average,baseboard_hpwh,space_heating,xcel_space_heating,customer_charge,USD/month,12.0,96.0
average,baseboard_hpwh,space_heating,xcel_space_heating,energy_summer,USD/kWh,4163.17,568.48
average,baseboard_hpwh,space_heating,xcel_space_heating,energy_winter_space_heat,USD/kWh,37982.71,2278.96
average,baseboard_hpwh,space_heating,xcel_space_heating,fuel_cost_charge,USD/kWh,42145.88,660.85
average,baseboard_hpwh,space_heating,xcel_space_heating,resource_adjustment,USD/kWh,42145.88,0.0
average,baseboard_hpwh,space_heating,centerpoint_residential,basic_charge,USD/month,12.0,114.0
average,baseboard_hpwh,space_heating,centerpoint_residential,delivery_charge,USD/therm,28.38,9.5
average,baseboard_hpwh,space_heating,centerpoint_residential,cost_of_gas,USD/therm,28.38,17.05
average,baseboard_hpwh,space_heating,centerpoint_residential,gas_riders,USD/therm,28.38,0.0
average,gas_furnace,standard,xcel_standard,customer_charge,USD/month,12.0,96.0
average,gas_furnace,standard,xcel_standard,energy_summer,USD/kWh,3929.05,536.51
average,gas_furnace,standard,xcel_standard,energy_winter_block1,USD/kWh,6354.73,768.67
average,gas_furnace,standard,xcel_standard,energy_winter_block2,USD/kWh,0.0,0.0
average,gas_furnace,standard,xcel_standard,fuel_cost_charge,USD/kWh,10283.78,161.25
average,gas_furnace,standard,xcel_standard,resource_adjustment,USD/kWh,10283.78,0.0
average,gas_furnace,standard,centerpoint_residential,basic_charge,USD/month,12.0,114.0
average,gas_furnace,standard,centerpoint_residential,delivery_charge,USD/therm,1458.59,488.19
average,gas_furnace,standard,centerpoint_residential,cost_of_gas,USD/therm,1458.59,876.05
average,gas_furnace,standard,centerpoint_residential,gas_riders,USD/therm,1458.59,0.0
average,gas_furnace,time_of_use,xcel_tou,customer_charge,USD/month,12.0,96.0
average,gas_furnace,time_of_use,xcel_tou,on_peak_summer,USD/kWh,506.84,106.44
average,gas_furnace,time_of_use,xcel_tou,on_peak_winter,USD/kWh,780.92,132.76
average,gas_furnace,time_of_use,xcel_tou,super_off_peak,USD/kWh,1729.04,129.68
average,gas_furnace,time_of_use,xcel_tou,base_summer_weekday,USD/kWh,1683.58,218.87
average,gas_furnace,time_of_use,xcel_tou,base_summer_weekend,USD/kWh,1086.89,141.3
average,gas_furnace,time_of_use,xcel_tou,base_winter_weekday,USD/kWh,2852.14,313.74
average,gas_furnace,time_of_use,xcel_tou,base_winter_weekend,USD/kWh,1644.37,180.88
average,gas_furnace,time_of_use,xcel_tou,fuel_cost_charge,USD/kWh,10283.78,161.25
average,gas_furnace,time_of_use,xcel_tou,resource_adjustment,USD/kWh,10283.78,0.0
average,gas_furnace,time_of_use,centerpoint_residential,basic_charge,USD/month,12.0,114.0
average,gas_furnace,time_of_use,centerpoint_residential,delivery_charge,USD/therm,1458.59,488.19
average,gas_furnace,time_of_use,centerpoint_residential,cost_of_gas,USD/therm,1458.59,876.05
average,gas_furnace,time_of_use,centerpoint_residential,gas_riders,USD/therm,1458.59,0.0
average,gas_furnace_hpwh,standard,xcel_standard,customer_charge,USD/month,12.0,96.0
average,gas_furnace_hpwh,standard,xcel_standard,energy_summer,USD/kWh,3973.57,542.59
average,gas_furnace_hpwh,standard,xcel_standard,energy_winter_block1,USD/kWh,6617.84,800.49
average,gas_furnace_hpwh,standard,xcel_standard,energy_winter_block2,USD/kWh,0.0,0.0
average,gas_furnace_hpwh,standard,xcel_standard,fuel_cost_charge,USD/kWh,10591.41,166.07
average,gas_furnace_hpwh,standard,xcel_standard,resource_adjustment,USD/kWh,10591.41,0.0
average,gas_furnace_hpwh,standard,centerpoint_residential,basic_charge,USD/month,12.0,114.0
average,gas_furnace_hpwh,standard,centerpoint_residential,delivery_charge,USD/therm,1309.01,438.13
average,gas_furnace_hpwh,standard,centerpoint_residential,cost_of_gas,USD/therm,1309.01,786.2
average,gas_furnace_hpwh,standard,centerpoint_residential,gas_riders,USD/therm,1309.01,0.0
average,gas_furnace_hpwh,time_of_use,xcel_tou,customer_charge,USD/month,12.0,96.0
average,gas_furnace_hpwh,time_of_use,xcel_tou,on_peak_summer,USD/kWh,510.51,107.21
average,gas_furnace_hpwh,time_of_use,xcel_tou,on_peak_winter,USD/kWh,808.22,137.4
average,gas_furnace_hpwh,time_of_use,xcel_tou,super_off_peak,USD/kWh,1774.5,133.09
average,gas_furnace_hpwh,time_of_use,xcel_tou,base_summer_weekday,USD/kWh,1703.86,221.5
average,gas_furnace_hpwh,time_of_use,xcel_tou,base_summer_weekend,USD/kWh,1098.14,142.76
average,gas_furnace_hpwh,time_of_use,xcel_tou,base_winter_weekday,USD/kWh,2982.64,328.09
average,gas_furnace_hpwh,time_of_use,xcel_tou,base_winter_weekend,USD/kWh,1713.53,188.49
average,gas_furnace_hpwh,time_of_use,xcel_tou,fuel_cost_charge,USD/kWh,10591.41,166.07
average,gas_furnace_hpwh,time_of_use,xcel_tou,resource_adjustment,USD/kWh,10591.41,0.0
average,gas_furnace_hpwh,time_of_use,centerpoint_residential,basic_charge,USD/month,12.0,114.0
average,gas_furnace_hpwh,time_of_use,centerpoint_residential,delivery_charge,USD/therm,1309.01,438.13
average,gas_furnace_hpwh,time_of_use,centerpoint_residential,cost_of_gas,USD/therm,1309.01,786.2
average,gas_furnace_hpwh,time_of_use,centerpoint_residential,gas_riders,USD/therm,1309.01,0.0
median_home,ashp_gas_backup,standard,xcel_standard,customer_charge,USD/month,12.0,96.0
median_home,ashp_gas_backup,standard,xcel_standard,energy_summer,USD/kWh,4431.51,605.12
median_home,ashp_gas_backup,standard,xcel_standard,energy_winter_block1,USD/kWh,6426.12,777.3
median_home,ashp_gas_backup,standard,xcel_standard,energy_winter_block2,USD/kWh,0.0,0.0
median_home,ashp_gas_backup,standard,xcel_standard,fuel_cost_charge,USD/kWh,10857.63,170.25
median_home,ashp_gas_backup,standard,xcel_standard,resource_adjustment,USD/kWh,10857.63,0.0
median_home,ashp_gas_backup,standard,centerpoint_residential,basic_charge,USD/month,12.0,114.0
median_home,ashp_gas_backup,standard,centerpoint_residential,delivery_charge,USD/therm,1095.78,366.76
median_home,ashp_gas_backup,standard,centerpoint_residential,cost_of_gas,USD/therm,1095.78,658.14
median_home,ashp_gas_backup,standard,centerpoint_residential,gas_riders,USD/therm,1095.78,0.0
median_home,ashp_gas_backup,time_of_use,xcel_tou,customer_charge,USD/month,12.0,96.0
median_home,ashp_gas_backup,time_of_use,xcel_tou,on_peak_summer,USD/kWh,508.89,106.87
median_home,ashp_gas_backup,time_of_use,xcel_tou,on_peak_winter,USD/kWh,750.33,127.56
median_home,ashp_gas_backup,time_of_use,xcel_tou,super_off_peak,USD/kWh,2012.96,150.97
median_home,ashp_gas_backup,time_of_use,xcel_tou,base_summer_weekday,USD/kWh,1846.62,240.06
median_home,ashp_gas_backup,time_of_use,xcel_tou,base_summer_weekend,USD/kWh,1222.4,158.91
median_home,ashp_gas_backup,time_of_use,xcel_tou,base_winter_weekday,USD/kWh,2806.29,308.69
median_home,ashp_gas_backup,time_of_use,xcel_tou,base_winter_weekend,USD/kWh,1710.14,188.12
median_home,ashp_gas_backup,time_of_use,xcel_tou,fuel_cost_charge,USD/kWh,10857.63,170.25
median_home,ashp_gas_backup,time_of_use,xcel_tou,resource_adjustment,USD/kWh,10857.63,0.0
median_home,ashp_gas_backup,time_of_use,centerpoint_residential,basic_charge,USD/month,12.0,114.0
median_home,ashp_gas_backup,time_of_use,centerpoint_residential,delivery_charge,USD/therm,1095.78,366.76
median_home,ashp_gas_backup,time_of_use,centerpoint_residential,cost_of_gas,USD/therm,1095.78,658.14
median_home,ashp_gas_backup,time_of_use,centerpoint_residential,gas_riders,USD/therm,1095.78,0.0
median_home,ashp_gas_backup,dual_fuel,xcel_dual_fuel,customer_charge,USD/month,12.0,96.0
median_home,ashp_gas_backup,dual_fuel,xcel_dual_fuel,energy_summer,USD/kWh,4422.03,603.83
median_home,ashp_gas_backup,dual_fuel,xcel_dual_fuel,energy_winter_block1,USD/kWh,4533.58,548.38
median_home,ashp_gas_backup,dual_fuel,xcel_dual_fuel,energy_winter_block2,USD/kWh,0.0,0.0
median_home,ashp_gas_backup,dual_fuel,xcel_dual_fuel,ecs_customer_charge,USD/month,9.0,44.55
median_home,ashp_gas_backup,dual_fuel,xcel_dual_fuel,ecs_energy,USD/kWh,1902.01,85.7
median_home,ashp_gas_backup,dual_fuel,xcel_dual_fuel,fuel_cost_charge,USD/kWh,10857.63,170.25
median_home,ashp_gas_backup,dual_fuel,xcel_dual_fuel,resource_adjustment,USD/kWh,10857.63,0.0
median_home,ashp_gas_backup,dual_fuel,centerpoint_residential,basic_charge,USD/month,12.0,114.0
median_home,ashp_gas_backup,dual_fuel,centerpoint_residential,delivery_charge,USD/therm,1095.78,366.76
median_home,ashp_gas_backup,dual_fuel,centerpoint_residential,cost_of_gas,USD/therm,1095.78,658.14
median_home,ashp_gas_backup,dual_fuel,centerpoint_residential,gas_riders,USD/therm,1095.78,0.0
median_home,ashp_gas_backup_hpwh,standard,xcel_standard,customer_charge,USD/month,12.0,96.0
median_home,ashp_gas_backup_hpwh,standard,xcel_standard,energy_summer,USD/kWh,4712.6,643.51
median_home,ashp_gas_backup_hpwh,standard,xcel_standard,energy_winter_block1,USD/kWh,7172.27,867.56
median_home,ashp_gas_backup_hpwh,standard,xcel_standard,energy_winter_block2,USD/kWh,52.48,6.21
median_home,ashp_gas_backup_hpwh,standard,xcel_standard,fuel_cost_charge,USD/kWh,11937.35,187.18
median_home,ashp_gas_backup_hpwh,standard,xcel_standard,resource_adjustment,USD/kWh,11937.35,0.0
median_home,ashp_gas_backup_hpwh,standard,centerpoint_residential,basic_charge,USD/month,12.0,114.0
median_home,ashp_gas_backup_hpwh,standard,centerpoint_residential,delivery_charge,USD/therm,855.24,286.25
median_home,ashp_gas_backup_hpwh,standard,centerpoint_residential,cost_of_gas,USD/therm,855.24,513.67
median_home,ashp_gas_backup_hpwh,standard,centerpoint_residential,gas_riders,USD/therm,855.24,0.0
median_home,ashp_gas_backup_hpwh,time_of_use,xcel_tou,customer_charge,USD/month,12.0,96.0
median_home,ashp_gas_backup_hpwh,time_of_use,xcel_tou,on_peak_summer,USD/kWh,538.38,113.06
median_home,ashp_gas_backup_hpwh,time_of_use,xcel_tou,on_peak_winter,USD/kWh,850.73,144.62
median_home,ashp_gas_backup_hpwh,time_of_use,xcel_tou,super_off_peak,USD/kWh,2121.44,159.11
median_home,ashp_gas_backup_hpwh,time_of_use,xcel_tou,base_summer_weekday,USD/kWh,1992.08,258.97
median_home,ashp_gas_backup_hpwh,time_of_use,xcel_tou,base_summer_weekend,USD/kWh,1297.63,168.69
median_home,ashp_gas_backup_hpwh,time_of_use,xcel_tou,base_winter_weekday,USD/kWh,3217.99,353.98
median_home,ashp_gas_backup_hpwh,time_of_use,xcel_tou,base_winter_weekend,USD/kWh,1919.11,211.1
median_home,ashp_gas_backup_hpwh,time_of_use,xcel_tou,fuel_cost_charge,USD/kWh,11937.35,187.18
median_home,ashp_gas_backup_hpwh,time_of_use,xcel_tou,resource_adjustment,USD/kWh,11937.35,0.0
median_home,ashp_gas_backup_hpwh,time_of_use,centerpoint_residential,basic_charge,USD/month,12.0,114.0
median_home,ashp_gas_backup_hpwh,time_of_use,centerpoint_residential,delivery_charge,USD/therm,855.24,286.25
median_home,ashp_gas_backup_hpwh,time_of_use,centerpoint_residential,cost_of_gas,USD/therm,855.24,513.67
median_home,ashp_gas_backup_hpwh,time_of_use,centerpoint_residential,gas_riders,USD/therm,855.24,0.0
median_home,ashp_gas_backup_hpwh,dual_fuel,xcel_dual_fuel,customer_charge,USD/month,12.0,96.0
median_home,ashp_gas_backup_hpwh,dual_fuel,xcel_dual_fuel,energy_summer,USD/kWh,4703.12,642.21
median_home,ashp_gas_backup_hpwh,dual_fuel,xcel_dual_fuel,energy_winter_block1,USD/kWh,5332.22,644.98
median_home,ashp_gas_backup_hpwh,dual_fuel,xcel_dual_fuel,energy_winter_block2,USD/kWh,0.0,0.0
median_home,ashp_gas_backup_hpwh,dual_fuel,xcel_dual_fuel,ecs_customer_charge,USD/month,9.0,44.55
median_home,ashp_gas_backup_hpwh,dual_fuel,xcel_dual_fuel,ecs_energy,USD/kWh,1902.01,85.7
median_home,ashp_gas_backup_hpwh,dual_fuel,xcel_dual_fuel,fuel_cost_charge,USD/kWh,11937.35,187.18
median_home,ashp_gas_backup_hpwh,dual_fuel,xcel_dual_fuel,resource_adjustment,USD/kWh,11937.35,0.0
median_home,ashp_gas_backup_hpwh,dual_fuel,centerpoint_residential,basic_charge,USD/month,12.0,114.0
median_home,ashp_gas_backup_hpwh,dual_fuel,centerpoint_residential,delivery_charge,USD/therm,855.24,286.25
median_home,ashp_gas_backup_hpwh,dual_fuel,centerpoint_residential,cost_of_gas,USD/therm,855.24,513.67
median_home,ashp_gas_backup_hpwh,dual_fuel,centerpoint_residential,gas_riders,USD/therm,855.24,0.0
median_home,ashp_resistance_backup,standard,xcel_standard,customer_charge,USD/month,12.0,96.0
median_home,ashp_resistance_backup,standard,xcel_standard,energy_summer,USD/kWh,3976.98,543.06
median_home,ashp_resistance_backup,standard,xcel_standard,energy_winter_block1,USD/kWh,7668.57,927.59
median_home,ashp_resistance_backup,standard,xcel_standard,energy_winter_block2,USD/kWh,7701.86,911.75
median_home,ashp_resistance_backup,standard,xcel_standard,fuel_cost_charge,USD/kWh,19347.41,303.37
median_home,ashp_resistance_backup,standard,xcel_standard,resource_adjustment,USD/kWh,19347.41,0.0
median_home,ashp_resistance_backup,standard,centerpoint_residential,basic_charge,USD/month,12.0,114.0
median_home,ashp_resistance_backup,standard,centerpoint_residential,delivery_charge,USD/therm,279.73,93.62
median_home,ashp_resistance_backup,standard,centerpoint_residential,cost_of_gas,USD/therm,279.73,168.01
median_home,ashp_resistance_backup,standard,centerpoint_residential,gas_riders,USD/therm,279.73,0.0
median_home,ashp_resistance_backup,time_of_use,xcel_tou,customer_charge,USD/month,12.0,96.0
median_home,ashp_resistance_backup,time_of_use,xcel_tou,on_peak_summer,USD/kWh,470.51,98.81
median_home,ashp_resistance_backup,time_of_use,xcel_tou,on_peak_winter,USD/kWh,1342.37,228.2
median_home,ashp_resistance_backup,time_of_use,xcel_tou,super_off_peak,USD/kWh,4519.75,338.98
median_home,ashp_resistance_backup,time_of_use,xcel_tou,base_summer_weekday,USD/kWh,1657.7,215.5
median_home,ashp_resistance_backup,time_of_use,xcel_tou,base_summer_weekend,USD/kWh,1118.15,145.36
median_home,ashp_resistance_backup,time_of_use,xcel_tou,base_winter_weekday,USD/kWh,6589.87,724.89
median_home,ashp_resistance_backup,time_of_use,xcel_tou,base_winter_weekend,USD/kWh,3649.06,401.4
median_home,ashp_resistance_backup,time_of_use,xcel_tou,fuel_cost_charge,USD/kWh,19347.41,303.37
median_home,ashp_resistance_backup,time_of_use,xcel_tou,resource_adjustment,USD/kWh,19347.41,0.0
median_home,ashp_resistance_backup,time_of_use,centerpoint_residential,basic_charge,USD/month,12.0,114.0
median_home,ashp_resistance_backup,time_of_use,centerpoint_residential,delivery_charge,USD/therm,279.73,93.62
median_home,ashp_resistance_backup,time_of_use,centerpoint_residential,cost_of_gas,USD/therm,279.73,168.01
median_home,ashp_resistance_backup,time_of_use,centerpoint_residential,gas_riders,USD/therm,279.73,0.0
median_home,ashp_resistance_backup,space_heating,xcel_space_heating,customer_charge,USD/month,12.0,96.0
median_home,ashp_resistance_backup,space_heating,xcel_space_heating,energy_summer,USD/kWh,3976.98,543.06
median_home,ashp_resistance_backup,space_heating,xcel_space_heating,energy_winter_space_heat,USD/kWh,15370.42,922.23
median_home,ashp_resistance_backup,space_heating,xcel_space_heating,fuel_cost_charge,USD/kWh,19347.41,303.37
median_home,ashp_resistance_backup,space_heating,xcel_space_heating,resource_adjustment,USD/kWh,19347.41,0.0
median_home,ashp_resistance_backup,space_heating,centerpoint_residential,basic_charge,USD/month,12.0,114.0
median_home,ashp_resistance_backup,space_heating,centerpoint_residential,delivery_charge,USD/therm,279.73,93.62
median_home,ashp_resistance_backup,space_heating,centerpoint_residential,cost_of_gas,USD/therm,279.73,168.01
median_home,ashp_resistance_backup,space_heating,centerpoint_residential,gas_riders,USD/therm,279.73,0.0
median_home,ashp_resistance_backup_hpwh,standard,xcel_standard,customer_charge,USD/month,12.0,96.0
median_home,ashp_resistance_backup_hpwh,standard,xcel_standard,energy_summer,USD/kWh,4258.08,581.44
median_home,ashp_resistance_backup_hpwh,standard,xcel_standard,energy_winter_block1,USD/kWh,7835.79,947.82
median_home,ashp_resistance_backup_hpwh,standard,xcel_standard,energy_winter_block2,USD/kWh,8333.27,986.49
median_home,ashp_resistance_backup_hpwh,standard,xcel_standard,fuel_cost_charge,USD/kWh,20427.13,320.3
median_home,ashp_resistance_backup_hpwh,standard,xcel_standard,resource_adjustment,USD/kWh,20427.13,0.0
median_home,ashp_resistance_backup_hpwh,standard,centerpoint_residential,basic_charge,USD/month,12.0,114.0
median_home,ashp_resistance_backup_hpwh,standard,centerpoint_residential,delivery_charge,USD/therm,39.15,13.1
median_home,ashp_resistance_backup_hpwh,standard,centerpoint_residential,cost_of_gas,USD/therm,39.15,23.51
median_home,ashp_resistance_backup_hpwh,standard,centerpoint_residential,gas_riders,USD/therm,39.15,0.0
median_home,ashp_resistance_backup_hpwh,time_of_use,xcel_tou,customer_charge,USD/month,12.0,96.0
median_home,ashp_resistance_backup_hpwh,time_of_use,xcel_tou,on_peak_summer,USD/kWh,500.0,105.0
median_home,ashp_resistance_backup_hpwh,time_of_use,xcel_tou,on_peak_winter,USD/kWh,1442.77,245.27
median_home,ashp_resistance_backup_hpwh,time_of_use,xcel_tou,super_off_peak,USD/kWh,4628.23,347.12
median_home,ashp_resistance_backup_hpwh,time_of_use,xcel_tou,base_summer_weekday,USD/kWh,1803.16,234.41
median_home,ashp_resistance_backup_hpwh,time_of_use,xcel_tou,base_summer_weekend,USD/kWh,1193.38,155.14
median_home,ashp_resistance_backup_hpwh,time_of_use,xcel_tou,base_winter_weekday,USD/kWh,7001.57,770.17
median_home,ashp_resistance_backup_hpwh,time_of_use,xcel_tou,base_winter_weekend,USD/kWh,3858.03,424.38
median_home,ashp_resistance_backup_hpwh,time_of_use,xcel_tou,fuel_cost_charge,USD/kWh,20427.13,320.3
median_home,ashp_resistance_backup_hpwh,time_of_use,xcel_tou,resource_adjustment,USD/kWh,20427.13,0.0
median_home,ashp_resistance_backup_hpwh,time_of_use,centerpoint_residential,basic_charge,USD/month,12.0,114.0
median_home,ashp_resistance_backup_hpwh,time_of_use,centerpoint_residential,delivery_charge,USD/therm,39.15,13.1
median_home,ashp_resistance_backup_hpwh,time_of_use,centerpoint_residential,cost_of_gas,USD/therm,39.15,23.51
median_home,ashp_resistance_backup_hpwh,time_of_use,centerpoint_residential,gas_riders,USD/therm,39.15,0.0
median_home,ashp_resistance_backup_hpwh,space_heating,xcel_space_heating,customer_charge,USD/month,12.0,96.0
median_home,ashp_resistance_backup_hpwh,space_heating,xcel_space_heating,energy_summer,USD/kWh,4258.08,581.44
median_home,ashp_resistance_backup_hpwh,space_heating,xcel_space_heating,energy_winter_space_heat,USD/kWh,16169.06,970.14
median_home,ashp_resistance_backup_hpwh,space_heating,xcel_space_heating,fuel_cost_charge,USD/kWh,20427.13,320.3
median_home,ashp_resistance_backup_hpwh,space_heating,xcel_space_heating,resource_adjustment,USD/kWh,20427.13,0.0
median_home,ashp_resistance_backup_hpwh,space_heating,centerpoint_residential,basic_charge,USD/month,12.0,114.0
median_home,ashp_resistance_backup_hpwh,space_heating,centerpoint_residential,delivery_charge,USD/therm,39.15,13.1
median_home,ashp_resistance_backup_hpwh,space_heating,centerpoint_residential,cost_of_gas,USD/therm,39.15,23.51
median_home,ashp_resistance_backup_hpwh,space_heating,centerpoint_residential,gas_riders,USD/therm,39.15,0.0
median_home,baseboard,standard,xcel_standard,customer_charge,USD/month,12.0,96.0
median_home,baseboard,standard,xcel_standard,energy_summer,USD/kWh,4138.7,565.14
median_home,baseboard,standard,xcel_standard,energy_winter_block1,USD/kWh,7826.97,946.75
median_home,baseboard,standard,xcel_standard,energy_winter_block2,USD/kWh,23779.12,2814.97
median_home,baseboard,standard,xcel_standard,fuel_cost_charge,USD/kWh,35744.79,560.48
median_home,baseboard,standard,xcel_standard,resource_adjustment,USD/kWh,35744.79,0.0
median_home,baseboard,standard,centerpoint_residential,basic_charge,USD/month,12.0,114.0
median_home,baseboard,standard,centerpoint_residential,delivery_charge,USD/therm,279.63,93.59
median_home,baseboard,standard,centerpoint_residential,cost_of_gas,USD/therm,279.63,167.95
median_home,baseboard,standard,centerpoint_residential,gas_riders,USD/therm,279.63,0.0
median_home,baseboard,time_of_use,xcel_tou,customer_charge,USD/month,12.0,96.0
median_home,baseboard,time_of_use,xcel_tou,on_peak_summer,USD/kWh,465.91,97.84
median_home,baseboard,time_of_use,xcel_tou,on_peak_winter,USD/kWh,2544.65,432.59
median_home,baseboard,time_of_use,xcel_tou,super_off_peak,USD/kWh,8924.6,669.35
median_home,baseboard,time_of_use,xcel_tou,base_summer_weekday,USD/kWh,1724.68,224.21
median_home,baseboard,time_of_use,xcel_tou,base_summer_weekend,USD/kWh,1141.93,148.45
median_home,baseboard,time_of_use,xcel_tou,base_winter_weekday,USD/kWh,13716.38,1508.8
median_home,baseboard,time_of_use,xcel_tou,base_winter_weekend,USD/kWh,7226.64,794.93
median_home,baseboard,time_of_use,xcel_tou,fuel_cost_charge,USD/kWh,35744.79,560.48
median_home,baseboard,time_of_use,xcel_tou,resource_adjustment,USD/kWh,35744.79,0.0
median_home,baseboard,time_of_use,centerpoint_residential,basic_charge,USD/month,12.0,114.0
median_home,baseboard,time_of_use,centerpoint_residential,delivery_charge,USD/therm,279.63,93.59
median_home,baseboard,time_of_use,centerpoint_residential,cost_of_gas,USD/therm,279.63,167.95
median_home,baseboard,time_of_use,centerpoint_residential,gas_riders,USD/therm,279.63,0.0
median_home,baseboard,space_heating,xcel_space_heating,customer_charge,USD/month,12.0,96.0
median_home,baseboard,space_heating,xcel_space_heating,energy_summer,USD/kWh,4138.7,565.14
median_home,baseboard,space_heating,xcel_space_heating,energy_winter_space_heat,USD/kWh,31606.09,1896.37
median_home,baseboard,space_heating,xcel_space_heating,fuel_cost_charge,USD/kWh,35744.79,560.48
median_home,baseboard,space_heating,xcel_space_heating,resource_adjustment,USD/kWh,35744.79,0.0
median_home,baseboard,space_heating,centerpoint_residential,basic_charge,USD/month,12.0,114.0
median_home,baseboard,space_heating,centerpoint_residential,delivery_charge,USD/therm,279.63,93.59
median_home,baseboard,space_heating,centerpoint_residential,cost_of_gas,USD/therm,279.63,167.95
median_home,baseboard,space_heating,centerpoint_residential,gas_riders,USD/therm,279.63,0.0
median_home,baseboard_hpwh,standard,xcel_standard,customer_charge,USD/month,12.0,96.0
median_home,baseboard_hpwh,standard,xcel_standard,energy_summer,USD/kWh,4419.79,603.52
median_home,baseboard_hpwh,standard,xcel_standard,energy_winter_block1,USD/kWh,7911.15,956.93
median_home,baseboard_hpwh,standard,xcel_standard,energy_winter_block2,USD/kWh,24493.57,2899.55
median_home,baseboard_hpwh,standard,xcel_standard,fuel_cost_charge,USD/kWh,36824.51,577.41
median_home,baseboard_hpwh,standard,xcel_standard,resource_adjustment,USD/kWh,36824.51,0.0
median_home,baseboard_hpwh,standard,centerpoint_residential,basic_charge,USD/month,12.0,114.0
median_home,baseboard_hpwh,standard,centerpoint_residential,delivery_charge,USD/therm,39.15,13.1
median_home,baseboard_hpwh,standard,centerpoint_residential,cost_of_gas,USD/therm,39.15,23.51
median_home,baseboard_hpwh,standard,centerpoint_residential,gas_riders,USD/therm,39.15,0.0
median_home,baseboard_hpwh,time_of_use,xcel_tou,customer_charge,USD/month,12.0,96.0
median_home,baseboard_hpwh,time_of_use,xcel_tou,on_peak_summer,USD/kWh,495.4,104.03
median_home,baseboard_hpwh,time_of_use,xcel_tou,on_peak_winter,USD/kWh,2645.05,449.66
median_home,baseboard_hpwh,time_of_use,xcel_tou,super_off_peak,USD/kWh,9033.09,677.48
median_home,baseboard_hpwh,time_of_use,xcel_tou,base_summer_weekday,USD/kWh,1870.14,243.12
median_home,baseboard_hpwh,time_of_use,xcel_tou,base_summer_weekend,USD/kWh,1217.16,158.23
median_home,baseboard_hpwh,time_of_use,xcel_tou,base_winter_weekday,USD/kWh,14128.07,1554.09
median_home,baseboard_hpwh,time_of_use,xcel_tou,base_winter_weekend,USD/kWh,7435.61,817.92
median_home,baseboard_hpwh,time_of_use,xcel_tou,fuel_cost_charge,USD/kWh,36824.51,577.41
median_home,baseboard_hpwh,time_of_use,xcel_tou,resource_adjustment,USD/kWh,36824.51,0.0
median_home,baseboard_hpwh,time_of_use,centerpoint_residential,basic_charge,USD/month,12.0,114.0
median_home,baseboard_hpwh,time_of_use,centerpoint_residential,delivery_charge,USD/therm,39.15,13.1
median_home,baseboard_hpwh,time_of_use,centerpoint_residential,cost_of_gas,USD/therm,39.15,23.51
median_home,baseboard_hpwh,time_of_use,centerpoint_residential,gas_riders,USD/therm,39.15,0.0
median_home,baseboard_hpwh,space_heating,xcel_space_heating,customer_charge,USD/month,12.0,96.0
median_home,baseboard_hpwh,space_heating,xcel_space_heating,energy_summer,USD/kWh,4419.79,603.52
median_home,baseboard_hpwh,space_heating,xcel_space_heating,energy_winter_space_heat,USD/kWh,32404.72,1944.28
median_home,baseboard_hpwh,space_heating,xcel_space_heating,fuel_cost_charge,USD/kWh,36824.51,577.41
median_home,baseboard_hpwh,space_heating,xcel_space_heating,resource_adjustment,USD/kWh,36824.51,0.0
median_home,baseboard_hpwh,space_heating,centerpoint_residential,basic_charge,USD/month,12.0,114.0
median_home,baseboard_hpwh,space_heating,centerpoint_residential,delivery_charge,USD/therm,39.15,13.1
median_home,baseboard_hpwh,space_heating,centerpoint_residential,cost_of_gas,USD/therm,39.15,23.51
median_home,baseboard_hpwh,space_heating,centerpoint_residential,gas_riders,USD/therm,39.15,0.0
median_home,gas_furnace,standard,xcel_standard,customer_charge,USD/month,12.0,96.0
median_home,gas_furnace,standard,xcel_standard,energy_summer,USD/kWh,4121.17,562.75
median_home,gas_furnace,standard,xcel_standard,energy_winter_block1,USD/kWh,5562.03,672.78
median_home,gas_furnace,standard,xcel_standard,energy_winter_block2,USD/kWh,0.0,0.0
median_home,gas_furnace,standard,xcel_standard,fuel_cost_charge,USD/kWh,9683.2,151.83
median_home,gas_furnace,standard,xcel_standard,resource_adjustment,USD/kWh,9683.2,0.0
median_home,gas_furnace,standard,centerpoint_residential,basic_charge,USD/month,12.0,114.0
median_home,gas_furnace,standard,centerpoint_residential,delivery_charge,USD/therm,1391.31,465.67
median_home,gas_furnace,standard,centerpoint_residential,cost_of_gas,USD/therm,1391.31,835.64
median_home,gas_furnace,standard,centerpoint_residential,gas_riders,USD/therm,1391.31,0.0
median_home,gas_furnace,time_of_use,xcel_tou,customer_charge,USD/month,12.0,96.0
median_home,gas_furnace,time_of_use,xcel_tou,on_peak_summer,USD/kWh,465.91,97.84
median_home,gas_furnace,time_of_use,xcel_tou,on_peak_winter,USD/kWh,653.9,111.16
median_home,gas_furnace,time_of_use,xcel_tou,super_off_peak,USD/kWh,1828.74,137.16
median_home,gas_furnace,time_of_use,xcel_tou,base_summer_weekday,USD/kWh,1724.34,224.16
median_home,gas_furnace,time_of_use,xcel_tou,base_summer_weekend,USD/kWh,1129.62,146.85
median_home,gas_furnace,time_of_use,xcel_tou,base_winter_weekday,USD/kWh,2379.99,261.8
median_home,gas_furnace,time_of_use,xcel_tou,base_winter_weekend,USD/kWh,1500.7,165.08
median_home,gas_furnace,time_of_use,xcel_tou,fuel_cost_charge,USD/kWh,9683.2,151.83
median_home,gas_furnace,time_of_use,xcel_tou,resource_adjustment,USD/kWh,9683.2,0.0
median_home,gas_furnace,time_of_use,centerpoint_residential,basic_charge,USD/month,12.0,114.0
median_home,gas_furnace,time_of_use,centerpoint_residential,delivery_charge,USD/therm,1391.31,465.67
median_home,gas_furnace,time_of_use,centerpoint_residential,cost_of_gas,USD/therm,1391.31,835.64
median_home,gas_furnace,time_of_use,centerpoint_residential,gas_riders,USD/therm,1391.31,0.0
median_home,gas_furnace_hpwh,standard,xcel_standard,customer_charge,USD/month,12.0,96.0
median_home,gas_furnace_hpwh,standard,xcel_standard,energy_summer,USD/kWh,4402.26,601.13
median_home,gas_furnace_hpwh,standard,xcel_standard,energy_winter_block1,USD/kWh,6360.66,769.39
median_home,gas_furnace_hpwh,standard,xcel_standard,energy_winter_block2,USD/kWh,0.0,0.0
median_home,gas_furnace_hpwh,standard,xcel_standard,fuel_cost_charge,USD/kWh,10762.93,168.76
median_home,gas_furnace_hpwh,standard,xcel_standard,resource_adjustment,USD/kWh,10762.93,0.0
median_home,gas_furnace_hpwh,standard,centerpoint_residential,basic_charge,USD/month,12.0,114.0
median_home,gas_furnace_hpwh,standard,centerpoint_residential,delivery_charge,USD/therm,1150.83,385.18
median_home,gas_furnace_hpwh,standard,centerpoint_residential,cost_of_gas,USD/therm,1150.83,691.2
median_home,gas_furnace_hpwh,standard,centerpoint_residential,gas_riders,USD/therm,1150.83,0.0
median_home,gas_furnace_hpwh,time_of_use,xcel_tou,customer_charge,USD/month,12.0,96.0
median_home,gas_furnace_hpwh,time_of_use,xcel_tou,on_peak_summer,USD/kWh,495.4,104.03
median_home,gas_furnace_hpwh,time_of_use,xcel_tou,on_peak_winter,USD/kWh,754.3,128.23
median_home,gas_furnace_hpwh,time_of_use,xcel_tou,super_off_peak,USD/kWh,1937.22,145.29
median_home,gas_furnace_hpwh,time_of_use,xcel_tou,base_summer_weekday,USD/kWh,1869.81,243.07
median_home,gas_furnace_hpwh,time_of_use,xcel_tou,base_summer_weekend,USD/kWh,1204.85,156.63
median_home,gas_furnace_hpwh,time_of_use,xcel_tou,base_winter_weekday,USD/kWh,2791.68,307.09
median_home,gas_furnace_hpwh,time_of_use,xcel_tou,base_winter_weekend,USD/kWh,1709.67,188.06
median_home,gas_furnace_hpwh,time_of_use,xcel_tou,fuel_cost_charge,USD/kWh,10762.93,168.76
median_home,gas_furnace_hpwh,time_of_use,xcel_tou,resource_adjustment,USD/kWh,10762.93,0.0
median_home,gas_furnace_hpwh,time_of_use,centerpoint_residential,basic_charge,USD/month,12.0,114.0
median_home,gas_furnace_hpwh,time_of_use,centerpoint_residential,delivery_charge,USD/therm,1150.83,385.18
median_home,gas_furnace_hpwh,time_of_use,centerpoint_residential,cost_of_gas,USD/therm,1150.83,691.2
median_home,gas_furnace_hpwh,time_of_use,centerpoint_residential,gas_riders,USD/therm,1150.83,0.0
