profile,scenario_id,plan_id,elec_kwh,gas_therms,electric_cost,gas_cost,total_cost,heating_season_cost_oct_may
average,ashp_gas_backup,dual_fuel,12037.91,1245.81,1670.84,1279.22,2950.06,2170.84
average,ashp_gas_backup,standard,12037.91,1245.81,1806.64,1279.22,3085.87,2320.65
average,ashp_gas_backup,time_of_use,12037.91,1245.81,1707.35,1279.22,2986.57,2244.66
average,ashp_gas_backup_hpwh,dual_fuel,12346.25,1096.36,1713.66,1139.44,2853.1,2106.8
average,ashp_gas_backup_hpwh,standard,12346.25,1096.36,1849.17,1139.44,2988.6,2256.3
average,ashp_gas_backup_hpwh,time_of_use,12346.25,1096.36,1747.14,1139.44,2886.58,2178.1
average,ashp_resistance_backup,space_heating,23438.72,177.99,2167.15,280.48,2447.63,1738.22
average,ashp_resistance_backup,standard,23438.72,177.99,3329.08,280.48,3609.55,2900.14
average,ashp_resistance_backup,time_of_use,23438.72,177.99,3061.61,280.48,3342.08,2654.02
average,ashp_resistance_backup_hpwh,space_heating,23746.75,28.38,2193.87,140.55,2334.42,1657.9
average,ashp_resistance_backup_hpwh,standard,23746.75,28.38,3371.22,140.55,3511.76,2835.24
average,ashp_resistance_backup_hpwh,time_of_use,23746.75,28.38,3101.36,140.55,3241.91,2587.24
average,baseboard,space_heating,41838.25,177.97,3577.6,280.46,3858.06,3113.02
average,baseboard,standard,41838.25,177.97,5800.18,280.46,6080.63,5335.6
average,baseboard,time_of_use,41838.25,177.97,5296.01,280.46,5576.47,4856.03
average,baseboard_hpwh,space_heating,42145.88,28.38,3604.29,140.55,3744.84,3032.58
average,baseboard_hpwh,standard,42145.88,28.38,5842.26,140.55,5982.81,5270.55
average,baseboard_hpwh,time_of_use,42145.88,28.38,5335.72,140.55,5476.27,4789.11
average,gas_furnace,standard,10283.78,1458.59,1562.43,1478.24,3040.67,2317.24
average,gas_furnace,time_of_use,10283.78,1458.59,1480.9,1478.24,2959.13,2256.75
average,gas_furnace_hpwh,standard,10591.41,1309.01,1605.16,1338.33,2943.49,2252.84
average,gas_furnace_hpwh,time_of_use,10591.41,1309.01,1520.61,1338.33,2858.94,2189.83
median_home,ashp_gas_backup,dual_fuel,10857.63,1095.78,1548.71,1138.89,2687.61,1863.08
median_home,ashp_gas_backup,standard,10857.63,1095.78,1648.67,1138.89,2787.57,1967.12
median_home,ashp_gas_backup,time_of_use,10857.63,1095.78,1547.42,1138.89,2686.32,1901.13
median_home,ashp_gas_backup_hpwh,dual_fuel,11937.35,855.24,1700.63,913.92,2614.54,1811.12
median_home,ashp_gas_backup_hpwh,standard,11937.35,855.24,1800.45,913.92,2714.37,1915.02
median_home,ashp_gas_backup_hpwh,time_of_use,11937.35,855.24,1692.71,913.92,2606.63,1843.73
median_home,ashp_resistance_backup,space_heating,19347.41,279.73,1864.65,375.63,2240.28,1488.98
median_home,ashp_resistance_backup,standard,19347.41,279.73,2781.76,375.63,3157.39,2406.09
median_home,ashp_resistance_backup,time_of_use,19347.41,279.73,2552.5,375.63,2928.13,2205.42
median_home,ashp_resistance_backup_hpwh,space_heating,20427.13,39.15,1967.88,150.62,2118.5,1388.35
median_home,ashp_resistance_backup_hpwh,standard,20427.13,39.15,2932.05,150.62,3082.66,2352.51
median_home,ashp_resistance_backup_hpwh,time_of_use,20427.13,39.15,2697.79,150.62,2848.41,2148.03
median_home,baseboard,space_heating,35744.79,279.63,3117.98,375.54,3493.52,2717.69
median_home,baseboard,standard,35744.79,279.63,4983.34,375.54,5358.88,4583.05
median_home,baseboard,time_of_use,35744.79,279.63,4532.65,375.54,4908.19,4166.53
median_home,baseboard_hpwh,space_heating,36824.51,39.15,3221.21,150.62,3371.83,2617.06
median_home,baseboard_hpwh,standard,36824.51,39.15,5133.41,150.62,5284.03,4529.26
median_home,baseboard_hpwh,time_of_use,36824.51,39.15,4677.94,150.62,4828.55,4109.14
median_home,gas_furnace,standard,9683.2,1391.31,1483.36,1415.31,2898.67,2124.81
median_home,gas_furnace,time_of_use,9683.2,1391.31,1391.88,1415.31,2807.19,2067.12
median_home,gas_furnace_hpwh,standard,10762.93,1150.83,1635.28,1190.39,2825.66,2072.86
median_home,gas_furnace_hpwh,time_of_use,10762.93,1150.83,1537.17,1190.39,2727.56,2009.73
