profile,scenario_id,plan_id,month,electric_cost,gas_cost,total_cost
average,ashp_gas_backup,standard,1,143.32,277.91,421.23
average,ashp_gas_backup,standard,2,120.35,248.0,368.35
average,ashp_gas_backup,standard,3,157.89,129.66,287.55
average,ashp_gas_backup,standard,4,134.39,106.29,240.69
average,ashp_gas_backup,standard,5,134.16,23.52,157.68
average,ashp_gas_backup,standard,6,162.9,22.03,184.93
average,ashp_gas_backup,standard,7,189.22,21.53,210.75
average,ashp_gas_backup,standard,8,178.42,21.32,199.73
average,ashp_gas_backup,standard,9,148.29,21.52,169.81
average,ashp_gas_backup,standard,10,155.15,36.8,191.95
average,ashp_gas_backup,standard,11,142.76,163.18,305.94
average,ashp_gas_backup,standard,12,139.79,207.48,347.27
average,ashp_gas_backup,time_of_use,1,134.46,277.91,412.37
average,ashp_gas_backup,time_of_use,2,113.37,248.0,361.37
average,ashp_gas_backup,time_of_use,3,147.52,129.66,277.18
average,ashp_gas_backup,time_of_use,4,124.76,106.29,231.05
average,ashp_gas_backup,time_of_use,5,126.37,23.52,149.88
average,ashp_gas_backup,time_of_use,6,157.99,22.03,180.01
average,ashp_gas_backup,time_of_use,7,182.82,21.53,204.35
average,ashp_gas_backup,time_of_use,8,173.17,21.32,194.48
average,ashp_gas_backup,time_of_use,9,141.54,21.52,163.06
average,ashp_gas_backup,time_of_use,10,142.82,36.8,179.62
average,ashp_gas_backup,time_of_use,11,132.07,163.18,295.25
average,ashp_gas_backup,time_of_use,12,130.46,207.48,337.94
average,ashp_gas_backup,dual_fuel,1,123.27,277.91,401.18
average,ashp_gas_backup,dual_fuel,2,108.37,248.0,356.37
average,ashp_gas_backup,dual_fuel,3,128.44,129.66,258.1
average,ashp_gas_backup,dual_fuel,4,115.97,106.29,222.26
average,ashp_gas_backup,dual_fuel,5,136.78,23.52,160.3
average,ashp_gas_backup,dual_fuel,6,167.63,22.03,189.66
average,ashp_gas_backup,dual_fuel,7,194.04,21.53,215.57
average,ashp_gas_backup,dual_fuel,8,183.14,21.32,204.46
average,ashp_gas_backup,dual_fuel,9,148.01,21.52,169.53
average,ashp_gas_backup,dual_fuel,10,124.8,36.8,161.6
average,ashp_gas_backup,dual_fuel,11,118.38,163.18,281.56
average,ashp_gas_backup,dual_fuel,12,121.99,207.48,329.47
average,ashp_gas_backup_hpwh,standard,1,149.97,264.15,414.12
average,ashp_gas_backup_hpwh,standard,2,126.31,235.33,361.64
average,ashp_gas_backup_hpwh,standard,3,162.62,115.85,278.48
average,ashp_gas_backup_hpwh,standard,4,138.33,93.63,231.95
average,ashp_gas_backup_hpwh,standard,5,136.17,11.69,147.86
average,ashp_gas_backup_hpwh,standard,6,164.52,11.64,176.17
average,ashp_gas_backup_hpwh,standard,7,190.93,11.59,202.52
average,ashp_gas_backup_hpwh,standard,8,180.03,11.63,191.67
average,ashp_gas_backup_hpwh,standard,9,150.11,11.84,161.94
average,ashp_gas_backup_hpwh,standard,10,157.76,25.92,183.69
average,ashp_gas_backup_hpwh,standard,11,147.17,151.64,298.82
average,ashp_gas_backup_hpwh,standard,12,145.24,194.51,339.75
average,ashp_gas_backup_hpwh,time_of_use,1,140.78,264.15,404.93
average,ashp_gas_backup_hpwh,time_of_use,2,118.96,235.33,354.29
average,ashp_gas_backup_hpwh,time_of_use,3,152.01,115.85,267.86
average,ashp_gas_backup_hpwh,time_of_use,4,128.4,93.63,222.03
average,ashp_gas_backup_hpwh,time_of_use,5,128.2,11.69,139.9
average,ashp_gas_backup_hpwh,time_of_use,6,159.47,11.64,171.11
average,ashp_gas_backup_hpwh,time_of_use,7,184.42,11.59,196.01
average,ashp_gas_backup_hpwh,time_of_use,8,174.67,11.63,186.3
average,ashp_gas_backup_hpwh,time_of_use,9,143.21,11.84,155.05
average,ashp_gas_backup_hpwh,time_of_use,10,145.27,25.92,171.19
average,ashp_gas_backup_hpwh,time_of_use,11,136.22,151.64,287.87
average,ashp_gas_backup_hpwh,time_of_use,12,135.53,194.51,330.03
average,ashp_gas_backup_hpwh,dual_fuel,1,130.03,264.15,394.17
average,ashp_gas_backup_hpwh,dual_fuel,2,114.33,235.33,349.66
average,ashp_gas_backup_hpwh,dual_fuel,3,133.27,115.85,249.12
average,ashp_gas_backup_hpwh,dual_fuel,4,119.9,93.63,213.53
average,ashp_gas_backup_hpwh,dual_fuel,5,138.79,11.69,150.48
average,ashp_gas_backup_hpwh,dual_fuel,6,169.26,11.64,180.9
average,ashp_gas_backup_hpwh,dual_fuel,7,195.75,11.59,207.34
average,ashp_gas_backup_hpwh,dual_fuel,8,184.76,11.63,196.39
average,ashp_gas_backup_hpwh,dual_fuel,9,149.82,11.84,161.66
average,ashp_gas_backup_hpwh,dual_fuel,10,127.47,25.92,153.39
average,ashp_gas_backup_hpwh,dual_fuel,11,122.84,151.64,274.48
average,ashp_gas_backup_hpwh,dual_fuel,12,127.45,194.51,321.96
average,ashp_resistance_backup,standard,1,614.63,25.63,640.26
average,ashp_resistance_backup,standard,2,512.56,24.28,536.84
average,ashp_resistance_backup,standard,3,292.24,25.66,317.89
average,ashp_resistance_backup,standard,4,247.27,24.32,271.59
average,ashp_resistance_backup,standard,5,127.17,23.52,150.68
average,ashp_resistance_backup,standard,6,150.55,22.02,172.57
average,ashp_resistance_backup,standard,7,170.67,21.53,192.19
average,ashp_resistance_backup,standard,8,162.34,21.31,183.65
average,ashp_resistance_backup,standard,9,139.68,21.31,160.99
average,ashp_resistance_backup,standard,10,169.92,22.6,192.52
average,ashp_resistance_backup,standard,11,340.3,23.32,363.62
average,ashp_resistance_backup,standard,12,401.76,24.98,426.74
average,ashp_resistance_backup,time_of_use,1,556.9,25.63,582.53
average,ashp_resistance_backup,time_of_use,2,463.36,24.28,487.64
average,ashp_resistance_backup,time_of_use,3,264.87,25.66,290.52
average,ashp_resistance_backup,time_of_use,4,222.9,24.32,247.22
average,ashp_resistance_backup,time_of_use,5,119.66,23.52,143.17
average,ashp_resistance_backup,time_of_use,6,146.07,22.02,168.09
average,ashp_resistance_backup,time_of_use,7,164.97,21.53,186.49
average,ashp_resistance_backup,time_of_use,8,157.63,21.31,178.93
average,ashp_resistance_backup,time_of_use,9,133.24,21.31,154.55
average,ashp_resistance_backup,time_of_use,10,155.15,22.6,177.75
average,ashp_resistance_backup,time_of_use,11,310.58,23.32,333.9
average,ashp_resistance_backup,time_of_use,12,366.3,24.98,391.28
average,ashp_resistance_backup,space_heating,1,349.0,25.63,374.63
average,ashp_resistance_backup,space_heating,2,291.38,24.28,315.66
average,ashp_resistance_backup,space_heating,3,167.0,25.66,192.66
average,ashp_resistance_backup,space_heating,4,141.61,24.32,165.94
average,ashp_resistance_backup,space_heating,5,74.0,23.52,97.52
average,ashp_resistance_backup,space_heating,6,150.55,22.02,172.57
average,ashp_resistance_backup,space_heating,7,170.67,21.53,192.19
average,ashp_resistance_backup,space_heating,8,162.34,21.31,183.65
average,ashp_resistance_backup,space_heating,9,139.68,21.31,160.99
average,ashp_resistance_backup,space_heating,10,97.95,22.6,120.55
average,ashp_resistance_backup,space_heating,11,194.13,23.32,217.46
average,ashp_resistance_backup,space_heating,12,228.83,24.98,253.81
average,ashp_resistance_backup_hpwh,standard,1,621.24,11.83,633.07
average,ashp_resistance_backup_hpwh,standard,2,518.39,11.58,529.97
average,ashp_resistance_backup_hpwh,standard,3,296.96,11.83,308.79
average,ashp_resistance_backup_hpwh,standard,4,251.12,11.64,262.76
average,ashp_resistance_backup_hpwh,standard,5,129.17,11.69,140.87
average,ashp_resistance_backup_hpwh,standard,6,152.18,11.64,163.82
average,ashp_resistance_backup_hpwh,standard,7,172.38,11.59,183.97
average,ashp_resistance_backup_hpwh,standard,8,163.97,11.63,175.6
average,ashp_resistance_backup_hpwh,standard,9,141.5,11.63,153.13
average,ashp_resistance_backup_hpwh,standard,10,172.53,11.72,184.25
average,ashp_resistance_backup_hpwh,standard,11,344.67,11.77,356.44
average,ashp_resistance_backup_hpwh,standard,12,407.11,11.99,419.09
average,ashp_resistance_backup_hpwh,time_of_use,1,563.21,11.83,575.04
average,ashp_resistance_backup_hpwh,time_of_use,2,468.93,11.58,480.52
average,ashp_resistance_backup_hpwh,time_of_use,3,269.34,11.83,281.17
average,ashp_resistance_backup_hpwh,time_of_use,4,226.53,11.64,238.17
average,ashp_resistance_backup_hpwh,time_of_use,5,121.49,11.69,133.18
average,ashp_resistance_backup_hpwh,time_of_use,6,147.56,11.64,159.2
average,ashp_resistance_backup_hpwh,time_of_use,7,166.57,11.59,178.16
average,ashp_resistance_backup_hpwh,time_of_use,8,159.13,11.63,170.76
average,ashp_resistance_backup_hpwh,time_of_use,9,134.91,11.63,146.54
average,ashp_resistance_backup_hpwh,time_of_use,10,157.59,11.72,169.31
average,ashp_resistance_backup_hpwh,time_of_use,11,314.73,11.77,326.5
average,ashp_resistance_backup_hpwh,time_of_use,12,371.36,11.99,383.35
average,ashp_resistance_backup_hpwh,space_heating,1,352.73,11.83,364.56
average,ashp_resistance_backup_hpwh,space_heating,2,294.67,11.58,306.25
average,ashp_resistance_backup_hpwh,space_heating,3,169.67,11.83,181.5
average,ashp_resistance_backup_hpwh,space_heating,4,143.79,11.64,155.43
average,ashp_resistance_backup_hpwh,space_heating,5,75.11,11.69,86.81
average,ashp_resistance_backup_hpwh,space_heating,6,152.18,11.64,163.82
average,ashp_resistance_backup_hpwh,space_heating,7,172.38,11.59,183.97
average,ashp_resistance_backup_hpwh,space_heating,8,163.97,11.63,175.6
average,ashp_resistance_backup_hpwh,space_heating,9,141.5,11.63,153.13
average,ashp_resistance_backup_hpwh,space_heating,10,99.43,11.72,111.14
average,ashp_resistance_backup_hpwh,space_heating,11,196.6,11.77,208.37
average,ashp_resistance_backup_hpwh,space_heating,12,231.85,11.99,243.84
average,baseboard,standard,1,1114.26,25.65,1139.91
average,baseboard,standard,2,960.17,24.3,984.47
average,baseboard,standard,3,604.75,25.68,630.43
average,baseboard,standard,4,478.92,24.33,503.25
average,baseboard,standard,5,137.48,23.5,160.98
average,baseboard,standard,6,154.27,22.0,176.27
average,baseboard,standard,7,176.85,21.49,198.34
average,baseboard,standard,8,168.09,21.27,189.36
average,baseboard,standard,9,159.77,21.29,181.06
average,baseboard,standard,10,317.97,22.61,340.58
average,baseboard,standard,11,700.74,23.34,724.07
average,baseboard,standard,12,826.91,25.0,851.91
average,baseboard,time_of_use,1,1012.02,25.65,1037.67
average,baseboard,time_of_use,2,867.79,24.3,892.09
average,baseboard,time_of_use,3,545.55,25.68,571.23
average,baseboard,time_of_use,4,429.41,24.33,453.74
average,baseboard,time_of_use,5,128.73,23.5,152.24
average,baseboard,time_of_use,6,149.5,22.0,171.5
average,baseboard,time_of_use,7,170.74,21.49,192.23
average,baseboard,time_of_use,8,162.98,21.27,184.25
average,baseboard,time_of_use,9,151.17,21.29,172.46
average,baseboard,time_of_use,10,287.61,22.61,310.21
average,baseboard,time_of_use,11,638.61,23.34,661.95
average,baseboard,time_of_use,12,751.91,25.0,776.91
average,baseboard,space_heating,1,631.05,25.65,656.7
average,baseboard,space_heating,2,544.07,24.3,568.37
average,baseboard,space_heating,3,343.43,25.68,369.1
average,baseboard,space_heating,4,272.39,24.33,296.72
average,baseboard,space_heating,5,79.71,23.5,103.21
average,baseboard,space_heating,6,154.27,22.0,176.27
average,baseboard,space_heating,7,176.85,21.49,198.34
average,baseboard,space_heating,8,168.09,21.27,189.36
average,baseboard,space_heating,9,159.77,21.29,181.06
average,baseboard,space_heating,10,181.53,22.61,204.13
average,baseboard,space_heating,11,397.61,23.34,420.95
average,baseboard,space_heating,12,468.84,25.0,493.84
average,baseboard_hpwh,standard,1,1120.86,11.83,1132.69
average,baseboard_hpwh,standard,2,965.99,11.58,977.58
average,baseboard_hpwh,standard,3,609.47,11.83,621.3
average,baseboard_hpwh,standard,4,482.76,11.64,494.4
average,baseboard_hpwh,standard,5,139.48,11.69,151.17
average,baseboard_hpwh,standard,6,155.9,11.64,167.54
average,baseboard_hpwh,standard,7,178.56,11.59,190.16
average,baseboard_hpwh,standard,8,169.71,11.63,181.34
average,baseboard_hpwh,standard,9,161.58,11.63,173.22
average,baseboard_hpwh,standard,10,320.58,11.72,332.29
average,baseboard_hpwh,standard,11,705.1,11.77,716.87
average,baseboard_hpwh,standard,12,832.25,11.99,844.24
average,baseboard_hpwh,time_of_use,1,1018.32,11.83,1030.15
average,baseboard_hpwh,time_of_use,2,873.36,11.58,884.94
average,baseboard_hpwh,time_of_use,3,550.02,11.83,561.85
average,baseboard_hpwh,time_of_use,4,433.03,11.64,444.67
average,baseboard_hpwh,time_of_use,5,130.57,11.69,142.26
average,baseboard_hpwh,time_of_use,6,150.99,11.64,162.63
average,baseboard_hpwh,time_of_use,7,172.35,11.59,183.94
average,baseboard_hpwh,time_of_use,8,164.48,11.63,176.11
average,baseboard_hpwh,time_of_use,9,152.84,11.63,164.47
average,baseboard_hpwh,time_of_use,10,290.05,11.72,301.77
average,baseboard_hpwh,time_of_use,11,642.75,11.77,654.52
average,baseboard_hpwh,time_of_use,12,756.96,11.99,768.95
average,baseboard_hpwh,space_heating,1,634.78,11.83,646.61
average,baseboard_hpwh,space_heating,2,547.35,11.58,558.94
average,baseboard_hpwh,space_heating,3,346.09,11.83,357.92
average,baseboard_hpwh,space_heating,4,274.56,11.64,286.2
average,baseboard_hpwh,space_heating,5,80.82,11.69,92.52
average,baseboard_hpwh,space_heating,6,155.9,11.64,167.54
average,baseboard_hpwh,space_heating,7,178.56,11.59,190.16
average,baseboard_hpwh,space_heating,8,169.71,11.63,181.34
average,baseboard_hpwh,space_heating,9,161.58,11.63,173.22
average,baseboard_hpwh,space_heating,10,183.0,11.72,194.72
average,baseboard_hpwh,space_heating,11,400.08,11.77,411.84
average,baseboard_hpwh,space_heating,12,471.85,11.99,483.84
average,gas_furnace,standard,1,131.44,303.8,435.25
average,gas_furnace,standard,2,118.43,262.4,380.82
average,gas_furnace,standard,3,114.49,164.41,278.9
average,gas_furnace,standard,4,106.45,129.67,236.12
average,gas_furnace,standard,5,125.0,26.99,151.99
average,gas_furnace,standard,6,152.85,22.37,175.21
average,gas_furnace,standard,7,175.88,21.75,197.63
average,gas_furnace,standard,8,166.65,21.65,188.3
average,gas_furnace,standard,9,134.74,27.54,162.28
average,gas_furnace,standard,10,101.26,83.79,185.04
average,gas_furnace,standard,11,111.45,189.99,301.43
average,gas_furnace,standard,12,123.79,223.89,347.69
average,gas_furnace,time_of_use,1,122.74,303.8,426.55
average,gas_furnace,time_of_use,2,110.64,262.4,373.03
average,gas_furnace,time_of_use,3,106.84,164.41,271.25
average,gas_furnace,time_of_use,4,99.09,129.67,228.76
average,gas_furnace,time_of_use,5,117.96,26.99,144.94
average,gas_furnace,time_of_use,6,148.25,22.37,170.62
average,gas_furnace,time_of_use,7,169.91,21.75,191.66
average,gas_furnace,time_of_use,8,161.73,21.65,183.38
average,gas_furnace,time_of_use,9,129.19,27.54,156.73
average,gas_furnace,time_of_use,10,94.93,83.79,178.71
average,gas_furnace,time_of_use,11,104.16,189.99,294.15
average,gas_furnace,time_of_use,12,115.46,223.89,339.35
average,gas_furnace_hpwh,standard,1,138.17,289.98,428.16
average,gas_furnace_hpwh,standard,2,124.36,249.68,374.04
average,gas_furnace_hpwh,standard,3,119.3,150.56,269.86
average,gas_furnace_hpwh,standard,4,110.37,116.98,227.35
average,gas_furnace_hpwh,standard,5,127.01,15.18,142.19
average,gas_furnace_hpwh,standard,6,154.47,12.02,166.49
average,gas_furnace_hpwh,standard,7,177.6,11.85,189.45
average,gas_furnace_hpwh,standard,8,168.27,12.01,180.28
average,gas_furnace_hpwh,standard,9,136.56,17.88,154.44
average,gas_furnace_hpwh,standard,10,103.92,72.9,176.81
average,gas_furnace_hpwh,standard,11,115.9,178.41,294.31
average,gas_furnace_hpwh,standard,12,129.23,210.88,340.11
average,gas_furnace_hpwh,time_of_use,1,129.05,289.98,419.03
average,gas_furnace_hpwh,time_of_use,2,116.2,249.68,365.88
average,gas_furnace_hpwh,time_of_use,3,111.31,150.56,261.87
average,gas_furnace_hpwh,time_of_use,4,102.72,116.98,219.7
average,gas_furnace_hpwh,time_of_use,5,119.79,15.18,134.97
average,gas_furnace_hpwh,time_of_use,6,149.74,12.02,161.75
average,gas_furnace_hpwh,time_of_use,7,171.51,11.85,183.36
average,gas_furnace_hpwh,time_of_use,8,163.24,12.01,175.25
average,gas_furnace_hpwh,time_of_use,9,130.86,17.88,148.74
average,gas_furnace_hpwh,time_of_use,10,97.37,72.9,170.27
average,gas_furnace_hpwh,time_of_use,11,108.31,178.41,286.72
average,gas_furnace_hpwh,time_of_use,12,120.51,210.88,331.39
median_home,ashp_gas_backup,standard,1,122.65,229.73,352.38
median_home,ashp_gas_backup,standard,2,99.3,211.39,310.69
median_home,ashp_gas_backup,standard,3,136.81,110.19,247.0
median_home,ashp_gas_backup,standard,4,107.96,92.62,200.59
median_home,ashp_gas_backup,standard,5,126.41,31.07,157.48
median_home,ashp_gas_backup,standard,6,171.54,29.01,200.55
median_home,ashp_gas_backup,standard,7,199.98,28.6,228.58
median_home,ashp_gas_backup,standard,8,189.92,28.29,218.21
median_home,ashp_gas_backup,standard,9,145.17,27.94,173.11
median_home,ashp_gas_backup,standard,10,116.61,37.79,154.4
median_home,ashp_gas_backup,standard,11,116.61,136.55,253.16
median_home,ashp_gas_backup,standard,12,115.7,175.71,291.42
median_home,ashp_gas_backup,time_of_use,1,114.96,229.73,344.69
median_home,ashp_gas_backup,time_of_use,2,93.37,211.39,304.76
median_home,ashp_gas_backup,time_of_use,3,126.83,110.19,237.02
median_home,ashp_gas_backup,time_of_use,4,100.68,92.62,193.3
median_home,ashp_gas_backup,time_of_use,5,118.28,31.07,149.35
median_home,ashp_gas_backup,time_of_use,6,163.32,29.01,192.33
median_home,ashp_gas_backup,time_of_use,7,189.63,28.6,218.23
median_home,ashp_gas_backup,time_of_use,8,181.01,28.29,209.31
median_home,ashp_gas_backup,time_of_use,9,137.39,27.94,165.32
median_home,ashp_gas_backup,time_of_use,10,106.82,37.79,144.62
median_home,ashp_gas_backup,time_of_use,11,107.52,136.55,244.07
median_home,ashp_gas_backup,time_of_use,12,107.61,175.71,283.33
median_home,ashp_gas_backup,dual_fuel,1,105.77,229.73,335.5
median_home,ashp_gas_backup,dual_fuel,2,89.75,211.39,301.14
median_home,ashp_gas_backup,dual_fuel,3,112.47,110.19,222.66
median_home,ashp_gas_backup,dual_fuel,4,96.33,92.62,188.95
median_home,ashp_gas_backup,dual_fuel,5,131.08,31.07,162.14
median_home,ashp_gas_backup,dual_fuel,6,171.54,29.01,200.55
median_home,ashp_gas_backup,dual_fuel,7,199.98,28.6,228.58
median_home,ashp_gas_backup,dual_fuel,8,189.92,28.29,218.21
median_home,ashp_gas_backup,dual_fuel,9,149.26,27.94,177.19
median_home,ashp_gas_backup,dual_fuel,10,100.09,37.79,137.88
median_home,ashp_gas_backup,dual_fuel,11,99.23,136.55,235.78
median_home,ashp_gas_backup,dual_fuel,12,103.3,175.71,279.02
median_home,ashp_gas_backup_hpwh,standard,1,138.66,206.99,345.64
median_home,ashp_gas_backup_hpwh,standard,2,114.09,190.57,304.65
median_home,ashp_gas_backup_hpwh,standard,3,151.68,88.2,239.87
median_home,ashp_gas_backup_hpwh,standard,4,122.02,71.9,193.92
median_home,ashp_gas_backup_hpwh,standard,5,137.91,12.15,150.07
median_home,ashp_gas_backup_hpwh,standard,6,182.61,12.3,194.92
median_home,ashp_gas_backup_hpwh,standard,7,210.5,12.91,223.41
median_home,ashp_gas_backup_hpwh,standard,8,200.35,12.69,213.05
median_home,ashp_gas_backup_hpwh,standard,9,155.94,12.04,167.97
median_home,ashp_gas_backup_hpwh,standard,10,127.95,20.33,148.28
median_home,ashp_gas_backup_hpwh,standard,11,129.14,118.38,247.52
median_home,ashp_gas_backup_hpwh,standard,12,129.61,155.45,285.07
median_home,ashp_gas_backup_hpwh,time_of_use,1,130.15,206.99,337.13
median_home,ashp_gas_backup_hpwh,time_of_use,2,107.46,190.57,298.03
median_home,ashp_gas_backup_hpwh,time_of_use,3,140.95,88.2,229.15
median_home,ashp_gas_backup_hpwh,time_of_use,4,114.21,71.9,186.11
median_home,ashp_gas_backup_hpwh,time_of_use,5,129.16,12.15,141.32
median_home,ashp_gas_backup_hpwh,time_of_use,6,174.22,12.3,186.52
median_home,ashp_gas_backup_hpwh,time_of_use,7,199.79,12.91,212.7
median_home,ashp_gas_backup_hpwh,time_of_use,8,191.2,12.69,203.89
median_home,ashp_gas_backup_hpwh,time_of_use,9,147.74,12.04,159.78
median_home,ashp_gas_backup_hpwh,time_of_use,10,117.46,20.33,137.79
median_home,ashp_gas_backup_hpwh,time_of_use,11,119.57,118.38,237.95
median_home,ashp_gas_backup_hpwh,time_of_use,12,120.8,155.45,276.25
median_home,ashp_gas_backup_hpwh,dual_fuel,1,121.78,206.99,328.76
median_home,ashp_gas_backup_hpwh,dual_fuel,2,104.54,190.57,295.1
median_home,ashp_gas_backup_hpwh,dual_fuel,3,127.47,88.2,215.67
median_home,ashp_gas_backup_hpwh,dual_fuel,4,110.38,71.9,182.28
median_home,ashp_gas_backup_hpwh,dual_fuel,5,142.58,12.15,154.73
median_home,ashp_gas_backup_hpwh,dual_fuel,6,182.61,12.3,194.92
median_home,ashp_gas_backup_hpwh,dual_fuel,7,210.5,12.91,223.41
median_home,ashp_gas_backup_hpwh,dual_fuel,8,200.35,12.69,213.05
median_home,ashp_gas_backup_hpwh,dual_fuel,9,160.02,12.04,172.06
median_home,ashp_gas_backup_hpwh,dual_fuel,10,111.43,20.33,131.76
median_home,ashp_gas_backup_hpwh,dual_fuel,11,111.76,118.38,230.14
median_home,ashp_gas_backup_hpwh,dual_fuel,12,117.21,155.45,272.67
median_home,ashp_resistance_backup,standard,1,463.76,36.33,500.09
median_home,ashp_resistance_backup,standard,2,406.76,32.92,439.68
median_home,ashp_resistance_backup,standard,3,240.73,33.6,274.33
median_home,ashp_resistance_backup,standard,4,194.29,32.61,226.9
median_home,ashp_resistance_backup,standard,5,117.82,31.06,148.89
median_home,ashp_resistance_backup,standard,6,156.39,29.03,185.42
median_home,ashp_resistance_backup,standard,7,177.74,28.61,206.36
median_home,ashp_resistance_backup,standard,8,169.61,28.3,197.91
median_home,ashp_resistance_backup,standard,9,133.68,27.95,161.62
median_home,ashp_resistance_backup,standard,10,126.17,30.31,156.48
median_home,ashp_resistance_backup,standard,11,270.92,31.2,302.12
median_home,ashp_resistance_backup,standard,12,323.9,33.71,357.61
median_home,ashp_resistance_backup,time_of_use,1,419.52,36.33,455.86
median_home,ashp_resistance_backup,time_of_use,2,366.94,32.92,399.86
median_home,ashp_resistance_backup,time_of_use,3,217.43,33.6,251.03
median_home,ashp_resistance_backup,time_of_use,4,175.12,32.61,207.72
median_home,ashp_resistance_backup,time_of_use,5,110.3,31.06,141.36
median_home,ashp_resistance_backup,time_of_use,6,149.53,29.03,178.56
median_home,ashp_resistance_backup,time_of_use,7,169.8,28.61,198.42
median_home,ashp_resistance_backup,time_of_use,8,162.7,28.3,191.0
median_home,ashp_resistance_backup,time_of_use,9,126.79,27.95,154.74
median_home,ashp_resistance_backup,time_of_use,10,114.67,30.31,144.98
median_home,ashp_resistance_backup,time_of_use,11,245.87,31.2,277.07
median_home,ashp_resistance_backup,time_of_use,12,293.83,33.71,327.54
median_home,ashp_resistance_backup,space_heating,1,263.83,36.33,300.16
median_home,ashp_resistance_backup,space_heating,2,231.65,32.92,264.57
median_home,ashp_resistance_backup,space_heating,3,137.92,33.6,171.52
median_home,ashp_resistance_backup,space_heating,4,111.71,32.61,144.32
median_home,ashp_resistance_backup,space_heating,5,68.83,31.06,99.89
median_home,ashp_resistance_backup,space_heating,6,156.39,29.03,185.42
median_home,ashp_resistance_backup,space_heating,7,177.74,28.61,206.36
median_home,ashp_resistance_backup,space_heating,8,169.61,28.3,197.91
median_home,ashp_resistance_backup,space_heating,9,133.68,27.95,161.62
median_home,ashp_resistance_backup,space_heating,10,73.45,30.31,103.76
median_home,ashp_resistance_backup,space_heating,11,154.97,31.2,186.17
median_home,ashp_resistance_backup,space_heating,12,184.87,33.71,218.58
median_home,ashp_resistance_backup_hpwh,standard,1,479.46,13.6,493.06
median_home,ashp_resistance_backup_hpwh,standard,2,421.26,12.1,433.36
median_home,ashp_resistance_backup_hpwh,standard,3,255.44,11.61,267.05
median_home,ashp_resistance_backup_hpwh,standard,4,208.08,11.88,219.96
median_home,ashp_resistance_backup_hpwh,standard,5,129.33,12.15,141.48
median_home,ashp_resistance_backup_hpwh,standard,6,167.46,12.3,179.76
median_home,ashp_resistance_backup_hpwh,standard,7,188.26,12.91,201.17
median_home,ashp_resistance_backup_hpwh,standard,8,180.05,12.69,192.74
median_home,ashp_resistance_backup_hpwh,standard,9,144.44,12.04,156.48
median_home,ashp_resistance_backup_hpwh,standard,10,137.52,12.84,150.36
median_home,ashp_resistance_backup_hpwh,standard,11,283.21,13.04,296.25
median_home,ashp_resistance_backup_hpwh,standard,12,337.54,13.45,351.0
median_home,ashp_resistance_backup_hpwh,time_of_use,1,434.71,13.6,448.3
median_home,ashp_resistance_backup_hpwh,time_of_use,2,381.03,12.1,393.13
median_home,ashp_resistance_backup_hpwh,time_of_use,3,231.55,11.61,243.16
median_home,ashp_resistance_backup_hpwh,time_of_use,4,188.65,11.88,200.53
median_home,ashp_resistance_backup_hpwh,time_of_use,5,121.18,12.15,133.34
median_home,ashp_resistance_backup_hpwh,time_of_use,6,160.43,12.3,172.73
median_home,ashp_resistance_backup_hpwh,time_of_use,7,179.97,12.91,192.88
median_home,ashp_resistance_backup_hpwh,time_of_use,8,172.89,12.69,185.58
median_home,ashp_resistance_backup_hpwh,time_of_use,9,137.15,12.04,149.19
median_home,ashp_resistance_backup_hpwh,time_of_use,10,125.31,12.84,138.15
median_home,ashp_resistance_backup_hpwh,time_of_use,11,257.91,13.04,270.95
median_home,ashp_resistance_backup_hpwh,time_of_use,12,307.01,13.45,320.47
median_home,ashp_resistance_backup_hpwh,space_heating,1,272.7,13.6,286.29
median_home,ashp_resistance_backup_hpwh,space_heating,2,239.84,12.1,251.94
median_home,ashp_resistance_backup_hpwh,space_heating,3,146.23,11.61,157.84
median_home,ashp_resistance_backup_hpwh,space_heating,4,119.49,11.88,131.37
median_home,ashp_resistance_backup_hpwh,space_heating,5,75.2,12.15,87.35
median_home,ashp_resistance_backup_hpwh,space_heating,6,167.46,12.3,179.76
median_home,ashp_resistance_backup_hpwh,space_heating,7,188.26,12.91,201.17
median_home,ashp_resistance_backup_hpwh,space_heating,8,180.05,12.69,192.74
median_home,ashp_resistance_backup_hpwh,space_heating,9,144.44,12.04,156.48
median_home,ashp_resistance_backup_hpwh,space_heating,10,79.73,12.84,92.57
median_home,ashp_resistance_backup_hpwh,space_heating,11,161.91,13.04,174.94
median_home,ashp_resistance_backup_hpwh,space_heating,12,192.58,13.45,206.03
median_home,baseboard,standard,1,940.07,36.33,976.4
median_home,baseboard,standard,2,831.51,32.92,864.43
median_home,baseboard,standard,3,524.85,33.6,558.45
median_home,baseboard,standard,4,387.85,32.61,420.45
median_home,baseboard,standard,5,121.0,31.06,152.06
median_home,baseboard,standard,6,160.37,29.01,189.38
median_home,baseboard,standard,7,185.13,28.58,213.71
median_home,baseboard,standard,8,176.71,28.28,204.99
median_home,baseboard,standard,9,139.83,27.93,167.76
median_home,baseboard,standard,10,222.45,30.31,252.75
median_home,baseboard,standard,11,585.73,31.2,616.93
median_home,baseboard,standard,12,707.86,33.71,741.57
median_home,baseboard,time_of_use,1,850.93,36.33,887.27
median_home,baseboard,time_of_use,2,749.95,32.92,782.87
median_home,baseboard,time_of_use,3,472.63,33.6,506.24
median_home,baseboard,time_of_use,4,347.95,32.61,380.56
median_home,baseboard,time_of_use,5,113.08,31.06,144.14
median_home,baseboard,time_of_use,6,152.7,29.01,181.7
median_home,baseboard,time_of_use,7,175.05,28.58,203.63
median_home,baseboard,time_of_use,8,168.01,28.28,196.3
median_home,baseboard,time_of_use,9,132.09,27.93,160.02
median_home,baseboard,time_of_use,10,199.16,30.31,229.46
median_home,baseboard,time_of_use,11,530.76,31.2,561.96
median_home,baseboard,time_of_use,12,640.33,33.71,674.04
median_home,baseboard,space_heating,1,532.72,36.33,569.05
median_home,baseboard,space_heating,2,471.43,32.92,504.35
median_home,baseboard,space_heating,3,298.32,33.6,331.92
median_home,baseboard,space_heating,4,220.98,32.61,253.58
median_home,baseboard,space_heating,5,70.58,31.06,101.65
median_home,baseboard,space_heating,6,160.37,29.01,189.38
median_home,baseboard,space_heating,7,185.13,28.58,213.71
median_home,baseboard,space_heating,8,176.71,28.28,204.99
median_home,baseboard,space_heating,9,139.83,27.93,167.76
median_home,baseboard,space_heating,10,127.6,30.31,157.91
median_home,baseboard,space_heating,11,332.68,31.2,363.89
median_home,baseboard,space_heating,12,401.63,33.71,435.34
median_home,baseboard_hpwh,standard,1,955.77,13.6,969.37
median_home,baseboard_hpwh,standard,2,846.01,12.1,858.11
median_home,baseboard_hpwh,standard,3,539.56,11.61,551.17
median_home,baseboard_hpwh,standard,4,401.63,11.88,413.52
median_home,baseboard_hpwh,standard,5,132.5,12.15,144.65
median_home,baseboard_hpwh,standard,6,171.44,12.3,183.75
median_home,baseboard_hpwh,standard,7,195.65,12.91,208.56
median_home,baseboard_hpwh,standard,8,187.14,12.69,199.84
median_home,baseboard_hpwh,standard,9,150.59,12.04,162.63
median_home,baseboard_hpwh,standard,10,233.58,12.84,246.42
median_home,baseboard_hpwh,standard,11,598.02,13.04,611.06
median_home,baseboard_hpwh,standard,12,721.51,13.45,734.96
median_home,baseboard_hpwh,time_of_use,1,866.12,13.6,879.72
median_home,baseboard_hpwh,time_of_use,2,764.04,12.1,776.14
median_home,baseboard_hpwh,time_of_use,3,486.76,11.61,498.36
median_home,baseboard_hpwh,time_of_use,4,361.48,11.88,373.36
median_home,baseboard_hpwh,time_of_use,5,123.96,12.15,136.11
median_home,baseboard_hpwh,time_of_use,6,163.6,12.3,175.9
median_home,baseboard_hpwh,time_of_use,7,185.22,12.91,198.13
median_home,baseboard_hpwh,time_of_use,8,178.2,12.69,190.9
median_home,baseboard_hpwh,time_of_use,9,142.45,12.04,154.49
median_home,baseboard_hpwh,time_of_use,10,209.79,12.84,222.63
median_home,baseboard_hpwh,time_of_use,11,542.8,13.04,555.84
median_home,baseboard_hpwh,time_of_use,12,653.52,13.45,666.97
median_home,baseboard_hpwh,space_heating,1,541.58,13.6,555.18
median_home,baseboard_hpwh,space_heating,2,479.62,12.1,491.72
median_home,baseboard_hpwh,space_heating,3,306.62,11.61,318.23
median_home,baseboard_hpwh,space_heating,4,228.76,11.88,240.64
median_home,baseboard_hpwh,space_heating,5,76.96,12.15,89.11
median_home,baseboard_hpwh,space_heating,6,171.44,12.3,183.75
median_home,baseboard_hpwh,space_heating,7,195.65,12.91,208.56
median_home,baseboard_hpwh,space_heating,8,187.14,12.69,199.84
median_home,baseboard_hpwh,space_heating,9,150.59,12.04,162.63
median_home,baseboard_hpwh,space_heating,10,133.89,12.84,146.73
median_home,baseboard_hpwh,space_heating,11,339.62,13.04,352.66
median_home,baseboard_hpwh,space_heating,12,409.34,13.45,422.79
median_home,gas_furnace,standard,1,115.28,281.7,396.99
median_home,gas_furnace,standard,2,101.53,249.9,351.43
median_home,gas_furnace,standard,3,102.87,158.94,261.8
median_home,gas_furnace,standard,4,91.59,120.47,212.05
median_home,gas_furnace,standard,5,120.21,31.29,151.5
median_home,gas_furnace,standard,6,160.37,29.01,189.38
median_home,gas_furnace,standard,7,185.13,28.58,213.71
median_home,gas_furnace,standard,8,176.71,28.28,204.99
median_home,gas_furnace,standard,9,137.16,28.63,165.79
median_home,gas_furnace,standard,10,86.3,70.49,156.79
median_home,gas_furnace,standard,11,97.2,176.31,273.51
median_home,gas_furnace,standard,12,109.02,211.71,320.73
median_home,gas_furnace,time_of_use,1,107.21,281.7,388.91
median_home,gas_furnace,time_of_use,2,94.34,249.9,344.24
median_home,gas_furnace,time_of_use,3,95.18,158.94,254.12
median_home,gas_furnace,time_of_use,4,85.21,120.47,205.68
median_home,gas_furnace,time_of_use,5,112.4,31.29,143.69
median_home,gas_furnace,time_of_use,6,152.7,29.01,181.7
median_home,gas_furnace,time_of_use,7,175.05,28.58,203.63
median_home,gas_furnace,time_of_use,8,168.01,28.28,196.3
median_home,gas_furnace,time_of_use,9,129.81,28.63,158.44
median_home,gas_furnace,time_of_use,10,80.44,70.49,150.94
median_home,gas_furnace,time_of_use,11,90.45,176.31,266.75
median_home,gas_furnace,time_of_use,12,101.08,211.71,312.79
median_home,gas_furnace_hpwh,standard,1,131.29,258.97,390.26
median_home,gas_furnace_hpwh,standard,2,116.31,229.08,345.39
median_home,gas_furnace_hpwh,standard,3,117.86,136.95,254.81
median_home,gas_furnace_hpwh,standard,4,105.64,99.74,205.38
median_home,gas_furnace_hpwh,standard,5,131.71,12.38,144.1
median_home,gas_furnace_hpwh,standard,6,171.44,12.3,183.75
median_home,gas_furnace_hpwh,standard,7,195.65,12.91,208.56
median_home,gas_furnace_hpwh,standard,8,187.14,12.69,199.84
median_home,gas_furnace_hpwh,standard,9,147.92,12.74,160.66
median_home,gas_furnace_hpwh,standard,10,97.64,53.03,150.67
median_home,gas_furnace_hpwh,standard,11,109.73,158.14,267.87
median_home,gas_furnace_hpwh,standard,12,122.93,191.45,314.38
median_home,gas_furnace_hpwh,time_of_use,1,122.4,258.97,381.36
median_home,gas_furnace_hpwh,time_of_use,2,108.43,229.08,337.51
median_home,gas_furnace_hpwh,time_of_use,3,109.3,136.95,246.25
median_home,gas_furnace_hpwh,time_of_use,4,98.75,99.74,198.49
median_home,gas_furnace_hpwh,time_of_use,5,123.28,12.38,135.66
median_home,gas_furnace_hpwh,time_of_use,6,163.6,12.3,175.9
median_home,gas_furnace_hpwh,time_of_use,7,185.22,12.91,198.13
median_home,gas_furnace_hpwh,time_of_use,8,178.2,12.69,190.9
median_home,gas_furnace_hpwh,time_of_use,9,140.17,12.74,152.9
median_home,gas_furnace_hpwh,time_of_use,10,91.08,53.03,144.1
median_home,gas_furnace_hpwh,time_of_use,11,102.49,158.14,260.64
median_home,gas_furnace_hpwh,time_of_use,12,114.27,191.45,305.72
